"code","NOAAStudyId","problem","detail"
"BRA015","37447","file has no variable","bra015d.rwl"
"CA730","39041","file has no variable","ca730.rwl"
"CA731","39042","file has no variable","ca731.rwl"
"CA732","39043","file has no variable","ca732.rwl"
"CA733","39044","file has no variable","ca733.rwl"
"CA734","39045","file has no variable","ca734.rwl"
"CA735","39046","file has no variable","ca735.rwl"
"CA737","39561","file has no variable","ca737.rwl"
"CA738","39567","file has no variable","ca738.rwl"
"CA739","39568","file has no variable","ca739.rwl"
"CA740","39569","file has no variable","ca740.rwl"
"ID037","39481","file has no variable","id037.rwl"
"AR","4878","ITRDB code has no number","ar.rwl: total ring width"
"ARGE","3847","ITRDB code has no number","arge.rwl: earlywood width"
"BRIT","4225","ITRDB code has no number","brit.rwl: latewood density"
"CANA","4096","ITRDB code has no number","cana.rwl: total ring width"
"CO","4297","ITRDB code has no number","co.rwl: total ring width"
"CZEC","2695","ITRDB code has no number","czec.rwl: average cell wall thickness"
"ME","5060","ITRDB code has no number","me.rwl: earlywood width"
"MO","5140","ITRDB code has no number","mo.rwl: total ring width"
"NY","5065","ITRDB code has no number","ny.rwl: total ring width"
"OK","3463","ITRDB code has no number","ok.rwl: total ring width"
"PA","5064","ITRDB code has no number","pa.rwl: total ring width"
"TN","3182","ITRDB code has no number","tn.rwl: minimum density"
"AUS126","44780","more than one total ring width file","aus126.rwl, aus126g.rwl"
"CANA610","29612","more than one total ring width file","cana610.plota.rwl, cana610.plotb.rwl, cana610.rwl"
"ITA072","41025","more than one total ring width file","ita072be100.rwl, ita072be25.rwl, ita072be50.rwl, ita072be75.rwl, ita072bl100.rwl, ita072bl25.rwl, ita072bl50.rwl, ita072bl75.rwl"
"ITA073","41026","more than one total ring width file","ita073.rwl, ita073be100.rwl, ita073be25.rwl, ita073be50.rwl, ita073be75.rwl, ita073bl100.rwl, ita073bl25.rwl, ita073bl50.rwl, ita073bl75.rwl"
"ITA074","41027","more than one total ring width file","ita074.rwl, ita074be100.rwl, ita074be25.rwl, ita074be50.rwl, ita074be75.rwl, ita074bl100.rwl, ita074bl25.rwl, ita074bl50.rwl, ita074bl75.rwl"
"BRIT101","44081","no elevation","filled from a terrain model in 03_metaITRDB.R"
"CHN095","44841","no elevation","filled from a terrain model in 03_metaITRDB.R"
"CHN096","44842","no elevation","filled from a terrain model in 03_metaITRDB.R"
"CHN097","44843","no elevation","filled from a terrain model in 03_metaITRDB.R"
"CHN098","44844","no elevation","filled from a terrain model in 03_metaITRDB.R"
"NOR031","39999","no elevation","filled from a terrain model in 03_metaITRDB.R"
"NOR032","40000","no elevation","filled from a terrain model in 03_metaITRDB.R"
"NOR049","44099","no elevation","filled from a terrain model in 03_metaITRDB.R"
"NOR050","44100","no elevation","filled from a terrain model in 03_metaITRDB.R"
"NOR051","44499","no elevation","filled from a terrain model in 03_metaITRDB.R"
"NOR052","44500","no elevation","filled from a terrain model in 03_metaITRDB.R"
"TUR091","44692","no elevation","filled from a terrain model in 03_metaITRDB.R"
"ARGE025","4270","no species",""
"ARGE042","5189","no species",""
"ARGE048","4268","no species",""
"AUST115","27378","no species",""
"BRA001","24430","no species",""
"CA644","3735","no species",""
"IA038","33915","no species",""
"KENY002","4928","no species",""
"RUS317","36315","no species",""
"RUS335","36333","no species",""
"RUS337","36335","no species",""
"RUS339","36337","no species",""
"RUS350","36348","no species",""
"RUS357","36355","no species",""
"RUS381","36379","no species",""
"RUSS260","22661","no species",""
"RUSS261","22662","no species",""
"RUSS265","22666","no species",""
"RUSS266","22667","no species",""
"RUSS267","22668","no species",""
"RUSS268","22669","no species",""
"SWE347","40959","no species",""
"TURK008","3819","no species",""
"NC036","45460","no studyCode","name ends ITRDB NC036. Kept, using that code."
"UT576","38860","no studyCode","name ends ITRDB UT576. Kept, using that code."
"AK072","3619","no total ring width file","maximum density"
"AK117","13710","no total ring width file","maximum density"
"AK132","14790","no total ring width file","maximum density"
"ARGE","3847","no total ring width file","earlywood width"
"AUS122","44723","no total ring width file","average cell wall thickness; density; tracheid diameter"
"AUS123","44724","no total ring width file","average cell wall thickness; density; tracheid diameter"
"AUS124","44740","no total ring width file","earlywood width; latewood width"
"AUS125","44741","no total ring width file","average cell wall thickness; tracheid diameter; density"
"AUSL036","18197","no total ring width file","average microfibril angle; average cell wall thickness; tracheid diameter; total ring density"
"AUSL046","22073","no total ring width file","average cell wall thickness"
"AZ629","43324","no total ring width file","blue intensity"
"BRIT","4225","no total ring width file","latewood density"
"BRIT048","4596","no total ring width file","earlywood width; latewood width; minimum density; latewood percent; tracheid diameter; maximum density"
"BRIT049","4520","no total ring width file","earlywood width; latewood width; minimum density; latewood percent; tracheid diameter; maximum density"
"BULG002","4650","no total ring width file","earlywood width; latewood width; minimum density; latewood percent; tracheid diameter; maximum density"
"BULG003","17225","no total ring width file","maximum density"
"CA730","39041","no total ring width file","NA"
"CA731","39042","no total ring width file","NA"
"CA732","39043","no total ring width file","NA"
"CA733","39044","no total ring width file","NA"
"CA734","39045","no total ring width file","NA"
"CA735","39046","no total ring width file","NA"
"CA737","39561","no total ring width file","NA"
"CA738","39567","no total ring width file","NA"
"CA739","39568","no total ring width file","NA"
"CA740","39569","no total ring width file","NA"
"CA745","43325","no total ring width file","blue intensity"
"CA747","43326","no total ring width file","blue intensity"
"CA748","43327","no total ring width file","blue intensity"
"CAN680","37665","no total ring width file","maximum density"
"CAN722","43328","no total ring width file","blue intensity"
"CAN723","43329","no total ring width file","blue intensity"
"CAN724","43330","no total ring width file","blue intensity"
"CAN725","43331","no total ring width file","blue intensity"
"CAN726","43332","no total ring width file","blue intensity"
"CAN727","43333","no total ring width file","blue intensity"
"CAN728","43334","no total ring width file","blue intensity"
"CAN729","43335","no total ring width file","blue intensity"
"CANA169","4349","no total ring width file","earlywood width; earlywood density; latewood width; minimum density; latewood density; tracheid diameter; maximum density"
"CANA170","4320","no total ring width file","earlywood width; earlywood density; latewood width; minimum density; latewood density; tracheid diameter; maximum density"
"CANA171","4319","no total ring width file","earlywood width; earlywood density; latewood width; minimum density; latewood density; tracheid diameter; maximum density"
"CANA172","4364","no total ring width file","earlywood width; earlywood density; latewood width; minimum density; latewood density; tracheid diameter; maximum density"
"CANA173","4363","no total ring width file","earlywood width; earlywood density; latewood width; minimum density; latewood density; tracheid diameter; maximum density"
"CANA431","16588","no total ring width file","maximum density"
"CANA650","36575","no total ring width file","latewood density"
"CANA651","36576","no total ring width file","latewood density"
"CANA652","36577","no total ring width file","latewood density"
"CHN092","38024","no total ring width file","maximum density"
"CZEC","2695","no total ring width file","average cell wall thickness"
"FIN110","42219","no total ring width file","maximum density"
"FIN111","42220","no total ring width file","maximum density"
"FIN112","42221","no total ring width file","maximum density"
"FIN113","42222","no total ring width file","maximum density"
"FIN114","42223","no total ring width file","maximum density"
"FIN115","42224","no total ring width file","maximum density"
"FRAN051","33714","no total ring width file","maximum density"
"FRAN052","33715","no total ring width file","maximum density"
"GRC052","42225","no total ring width file","maximum density"
"GRC053","42226","no total ring width file","maximum density"
"GRC054","42227","no total ring width file","maximum density"
"GRC055","42228","no total ring width file","maximum density"
"ID037","39481","no total ring width file","NA"
"ID038","43336","no total ring width file","blue intensity"
"LA002","15251","no total ring width file","latewood width"
"MD007","3497","no total ring width file","earlywood width; latewood width"
"ME","5060","no total ring width file","earlywood width"
"MEXI026","4846","no total ring width file","latewood width; earlywood width"
"MONG007","4700","no total ring width file","earlywood width; earlywood density; latewood width; minimum density; latewood density; tracheid diameter; maximum density"
"MONG043","33615","no total ring width file","blue intensity"
"NC028","29272","no total ring width file","latewood width"
"NV528","43345","no total ring width file","blue intensity"
"OR132","43346","no total ring width file","blue intensity"
"ROMA004","4367","no total ring width file","earlywood width; latewood width; minimum density; latewood percent; tracheid diameter; maximum density"
"SPAI058","4362","no total ring width file","earlywood width; latewood width; minimum density; latewood percent; tracheid diameter; maximum density"
"TN","3182","no total ring width file","minimum density"
"WA168","43360","no total ring width file","blue intensity"
"WA170","43362","no total ring width file","blue intensity"
"WY074","43319","no total ring width file","blue intensity"
"WY075","43320","no total ring width file","blue intensity"
"WY076","43321","no total ring width file","blue intensity"
"WY077","43322","no total ring width file","blue intensity"
"IITRDB32","23374","studyCode but no ITRDB code in the study name","studyCode IITRDB32; name: Lapland 1,600 Year Tree-Ring Carbon Isotope Data. Left out."
"NEWZ116","20750","years are not CE","newz116.rwl: cal yr BP"
"SWIT195","10721","years are not CE","swit195.rwl: cal yr BP"
"SWIT196","10722","years are not CE","swit196.rwl: cal yr BP"
"SWIT197","10723","years are not CE","swit197.rwl: cal yr BP"
"SWIT198","10724","years are not CE","swit198.rwl: cal yr BP"
"SWIT240","14059","years are not CE","swit240.rwl: cal yr BP"
"WI013","16825","years are not CE","wi013.rwl: cal yr BP"
