"run","dry_run","localPath","code","action","detail"
"2026-10-01 13:11",FALSE,"data_files/treering/measurements/africa/dza017.rwl","DZA017","changed","local 151900 bytes, server 151363"
"2026-10-01 13:11",FALSE,"data_files/treering/measurements/africa/mar029.rwl","MAR029","changed","local 65648 bytes, server 65628"
"2026-10-01 13:11",FALSE,"data_files/treering/measurements/asia/bt006.rwl","BT006","changed","local 41412 bytes, server 41615"
"2026-10-01 13:11",FALSE,"data_files/treering/measurements/asia/chin037.rwl","CHIN037","changed","local 85426 bytes, server 85800"
"2026-10-01 13:11",FALSE,"data_files/treering/measurements/asia/japa018.rwl","JAPA018","changed","local 66340 bytes, server 67162"
"2026-10-01 13:11",FALSE,"data_files/treering/measurements/asia/japa018x.rwl","JAPA018","changed","local 49302 bytes, server 50072"
"2026-10-01 13:11",FALSE,"data_files/treering/measurements/asia/mng044.rwl","MNG044","changed","local 536772 bytes, server 536908"
"2026-10-01 13:11",FALSE,"data_files/treering/measurements/asia/mong030.rwl","MONG030","changed","local 103243 bytes, server 103644"
"2026-10-01 13:11",FALSE,"data_files/treering/measurements/asia/nepa045.rwl","NEPA045","changed","local 163965 bytes, server 164095"
"2026-10-01 13:11",FALSE,"data_files/treering/measurements/asia/russ209.rwl","RUSS209","changed","local 25600 bytes, server 26769"
"2026-10-01 13:11",FALSE,"data_files/treering/measurements/asia/russ218.rwl","RUSS218","changed","local 99696 bytes, server 102384"
"2026-10-01 13:11",FALSE,"data_files/treering/measurements/asia/russ219.rwl","RUSS219","changed","local 75740 bytes, server 75733"
"2026-10-01 13:11",FALSE,"data_files/treering/measurements/australia/aus127.rwl","AUS127","changed","local 350069 bytes, server 350063"
"2026-10-01 13:11",FALSE,"data_files/treering/measurements/australia/ausl002.rwl","AUSL002","changed","local 90823 bytes, server 91645"
"2026-10-01 13:11",FALSE,"data_files/treering/measurements/australia/ausl028.rwl","AUSL028","changed","local 81525 bytes, server 82917"
"2026-10-01 13:11",FALSE,"data_files/treering/measurements/australia/ausl045.rwl","AUSL045","changed","not in manifest; server date 2026-09-11 16:49 is after local 2024-05-10 21:07"
"2026-10-01 13:11",FALSE,"data_files/treering/measurements/australia/ausl051.rwl","AUSL051","changed","not in manifest; server date 2026-09-23 21:25 is after local 2024-05-10 21:16"
"2026-10-01 13:11",FALSE,"data_files/treering/measurements/australia/ausl053.rwl","AUSL053","changed","local 1093998 bytes, server 1097429"
"2026-10-01 13:11",FALSE,"data_files/treering/measurements/australia/newz005.rwl","NEWZ005","changed","local 79858 bytes, server 80570"
"2026-10-01 13:11",FALSE,"data_files/treering/measurements/australia/newz007.rwl","NEWZ007","changed","local 71976 bytes, server 72496"
"2026-10-01 13:11",FALSE,"data_files/treering/measurements/australia/newz008.rwl","NEWZ008","changed","local 46466 bytes, server 46520"
"2026-10-01 13:11",FALSE,"data_files/treering/measurements/australia/newz011.rwl","NEWZ011","changed","local 101690 bytes, server 102410"
"2026-10-01 13:11",FALSE,"data_files/treering/measurements/australia/newz018.rwl","NEWZ018","changed","local 109514 bytes, server 117842"
"2026-10-01 13:11",FALSE,"data_files/treering/measurements/australia/newz019.rwl","NEWZ019","changed","local 101580 bytes, server 103028"
"2026-10-01 13:11",FALSE,"data_files/treering/measurements/australia/newz062.rwl","NEWZ062","changed","local 137961 bytes, server 139085"
"2026-10-01 13:11",FALSE,"data_files/treering/measurements/australia/newz063.rwl","NEWZ063","changed","local 169517 bytes, server 170965"
"2026-10-01 13:11",FALSE,"data_files/treering/measurements/europe/brit020.rwl","BRIT020","changed","local 31562 bytes, server 31489"
"2026-10-01 13:11",FALSE,"data_files/treering/measurements/europe/esp102.rwl","ESP102","new",""
"2026-10-01 13:11",FALSE,"data_files/treering/measurements/europe/esp102e.rwl","ESP102","new",""
"2026-10-01 13:11",FALSE,"data_files/treering/measurements/europe/esp102l.rwl","ESP102","new",""
"2026-10-01 13:11",FALSE,"data_files/treering/measurements/europe/esp103.rwl","ESP103","new",""
"2026-10-01 13:11",FALSE,"data_files/treering/measurements/europe/esp103e.rwl","ESP103","new",""
"2026-10-01 13:11",FALSE,"data_files/treering/measurements/europe/esp103l.rwl","ESP103","new",""
"2026-10-01 13:11",FALSE,"data_files/treering/measurements/europe/esp104.rwl","ESP104","new",""
"2026-10-01 13:11",FALSE,"data_files/treering/measurements/europe/esp104e.rwl","ESP104","new",""
"2026-10-01 13:11",FALSE,"data_files/treering/measurements/europe/esp104l.rwl","ESP104","new",""
"2026-10-01 13:11",FALSE,"data_files/treering/measurements/europe/esp105.rwl","ESP105","new",""
"2026-10-01 13:11",FALSE,"data_files/treering/measurements/europe/esp105e.rwl","ESP105","new",""
"2026-10-01 13:11",FALSE,"data_files/treering/measurements/europe/esp105l.rwl","ESP105","new",""
"2026-10-01 13:11",FALSE,"data_files/treering/measurements/europe/finl005.rwl","FINL005","changed","local 82079 bytes, server 82081"
"2026-10-01 13:11",FALSE,"data_files/treering/measurements/europe/fran009.rwl","FRAN009","changed","local 230606 bytes, server 231098"
"2026-10-01 13:11",FALSE,"data_files/treering/measurements/europe/germ4.rwl","GERM4","changed","local 37261 bytes, server 37285"
"2026-10-01 13:11",FALSE,"data_files/treering/measurements/europe/grc034.rwl","GRC034","changed","local 157130 bytes, server 157136"
"2026-10-01 13:11",FALSE,"data_files/treering/measurements/europe/prt004.rwl","PRT004","changed","local 6325 bytes, server 6326"
"2026-10-01 13:11",FALSE,"data_files/treering/measurements/europe/roma009.rwl","ROMA009","changed","not in manifest; server date 2026-09-18 21:22 is after local 2024-05-10 20:49"
"2026-10-01 13:11",FALSE,"data_files/treering/measurements/northamerica/canada/can697.rwl","CAN697","changed","local 114736 bytes, server 114710"
"2026-10-01 13:11",FALSE,"data_files/treering/measurements/northamerica/canada/can712.rwl","CAN712","changed","local 97216 bytes, server 97156"
"2026-10-01 13:11",FALSE,"data_files/treering/measurements/northamerica/canada/cana320.rwl","CANA320","changed","local 136285 bytes, server 136290"
"2026-10-01 13:11",FALSE,"data_files/treering/measurements/northamerica/canada/cana326.rwl","CANA326","changed","not in manifest; server date 2026-09-16 23:05 is after local 2024-05-10 20:24"
"2026-10-01 13:11",FALSE,"data_files/treering/measurements/northamerica/canada/cana335.rwl","CANA335","changed","local 84758 bytes, server 85564"
"2026-10-01 13:11",FALSE,"data_files/treering/measurements/northamerica/canada/cana336.rwl","CANA336","changed","local 196944 bytes, server 199534"
"2026-10-01 13:11",FALSE,"data_files/treering/measurements/northamerica/canada/cana348.rwl","CANA348","changed","local 18226 bytes, server 18378"
"2026-10-01 13:11",FALSE,"data_files/treering/measurements/northamerica/canada/cana349.rwl","CANA349","changed","local 40248 bytes, server 40394"
"2026-10-01 13:11",FALSE,"data_files/treering/measurements/northamerica/canada/cana419.rwl","CANA419","changed","local 133096 bytes, server 133770"
"2026-10-01 13:11",FALSE,"data_files/treering/measurements/northamerica/canada/cana540.rwl","CANA540","changed","local 119013 bytes, server 126866"
"2026-10-01 13:11",FALSE,"data_files/treering/measurements/northamerica/canada/cana566.rwl","CANA566","changed","local 93709 bytes, server 93941"
"2026-10-01 13:11",FALSE,"data_files/treering/measurements/northamerica/canada/cana588.rwl","CANA588","changed","local 40810 bytes, server 40831"
"2026-10-01 13:11",FALSE,"data_files/treering/measurements/northamerica/canada/cana611.rwl","CANA611","changed","local 137691 bytes, server 137677"
"2026-10-01 13:11",FALSE,"data_files/treering/measurements/northamerica/mexico/mexi028l.rwl","MEXI028","changed","local 92198 bytes, server 92170"
"2026-10-01 13:11",FALSE,"data_files/treering/measurements/northamerica/usa/az143.rwl","AZ143","changed","local 56092 bytes, server 55954"
"2026-10-01 13:11",FALSE,"data_files/treering/measurements/northamerica/usa/az606.rwl","AZ606","changed","not in manifest; server date 2026-09-16 23:07 is after local 2024-05-10 21:40"
"2026-10-01 13:11",FALSE,"data_files/treering/measurements/northamerica/usa/az615.rwl","AZ615","changed","not in manifest; server date 2026-09-25 17:46 is after local 2024-05-10 21:46"
"2026-10-01 13:11",FALSE,"data_files/treering/measurements/northamerica/usa/ca667.rwl","CA667","changed","local 1046406 bytes, server 1050245"
"2026-10-01 13:11",FALSE,"data_files/treering/measurements/northamerica/usa/ca717.rwl","CA717","changed","local 287020 bytes, server 287032"
"2026-10-01 13:11",FALSE,"data_files/treering/measurements/northamerica/usa/co622.rwl","CO622","changed","local 83050 bytes, server 83762"
"2026-10-01 13:11",FALSE,"data_files/treering/measurements/northamerica/usa/co637.rwl","CO637","changed","local 71529 bytes, server 73098"
"2026-10-01 13:11",FALSE,"data_files/treering/measurements/northamerica/usa/co660.rwl","CO660","changed","local 88255 bytes, server 89883"
"2026-10-01 13:11",FALSE,"data_files/treering/measurements/northamerica/usa/co691.rwl","CO691","changed","local 150655 bytes, server 157931"
"2026-10-01 13:11",FALSE,"data_files/treering/measurements/northamerica/usa/mi036.rwl","MI036","changed","local 45545 bytes, server 46423"
"2026-10-01 13:11",FALSE,"data_files/treering/measurements/northamerica/usa/mo045.rwl","MO045","changed","local 99218 bytes, server 99479"
"2026-10-01 13:11",FALSE,"data_files/treering/measurements/northamerica/usa/mo047.rwl","MO047","changed","local 264633 bytes, server 269908"
"2026-10-01 13:11",FALSE,"data_files/treering/measurements/northamerica/usa/nc036.rwl","NC036","new",""
"2026-10-01 13:11",FALSE,"data_files/treering/measurements/northamerica/usa/nm603.rwl","NM603","changed","local 275526 bytes, server 278116"
"2026-10-01 13:11",FALSE,"data_files/treering/measurements/northamerica/usa/nm604.rwl","NM604","changed","local 84902 bytes, server 84878"
"2026-10-01 13:11",FALSE,"data_files/treering/measurements/northamerica/usa/nv520.rwl","NV520","changed","local 695155 bytes, server 703171"
"2026-10-01 13:11",FALSE,"data_files/treering/measurements/northamerica/usa/nv521.rwl","NV521","changed","local 616084 bytes, server 618028"
"2026-10-01 13:11",FALSE,"data_files/treering/measurements/northamerica/usa/ny003.rwl","NY003","changed","local 64406 bytes, server 64530"
"2026-10-01 13:11",FALSE,"data_files/treering/measurements/northamerica/usa/ok040.rwl","OK040","changed","local 17563 bytes, server 17569"
"2026-10-01 13:11",FALSE,"data_files/treering/measurements/northamerica/usa/ok049e.rwl","OK049","changed","local 410139 bytes, server 409930"
"2026-10-01 13:11",FALSE,"data_files/treering/measurements/northamerica/usa/ok049l.rwl","OK049","changed","local 414320 bytes, server 413992"
"2026-10-01 13:11",FALSE,"data_files/treering/measurements/northamerica/usa/or005.rwl","OR005","changed","not in manifest; server date 2026-09-18 18:57 is after local 2024-05-10 15:35"
"2026-10-01 13:11",FALSE,"data_files/treering/measurements/northamerica/usa/ut542.rwl","UT542","changed","local 108589 bytes, server 112107"
"2026-10-01 13:11",FALSE,"data_files/treering/measurements/northamerica/usa/ut550.rwl","UT550","changed","local 566690 bytes, server 568702"
"2026-10-01 13:11",FALSE,"data_files/treering/measurements/northamerica/usa/ut562.rwl","UT562","changed","local 26869 bytes, server 26868"
"2026-10-01 13:11",FALSE,"data_files/treering/measurements/northamerica/usa/ut563.rwl","UT563","changed","local 36342 bytes, server 36332"
"2026-10-01 13:11",FALSE,"data_files/treering/measurements/northamerica/usa/ut566.rwl","UT566","changed","local 10737 bytes, server 10730"
"2026-10-01 13:11",FALSE,"data_files/treering/measurements/northamerica/usa/ut567.rwl","UT567","changed","local 12162 bytes, server 12142"
"2026-10-01 13:11",FALSE,"data_files/treering/measurements/northamerica/usa/ut568.rwl","UT568","changed","local 37838 bytes, server 37826"
"2026-10-01 13:11",FALSE,"data_files/treering/measurements/northamerica/usa/ut569.rwl","UT569","changed","local 43044 bytes, server 43018"
"2026-10-01 13:11",FALSE,"data_files/treering/measurements/northamerica/usa/va024.rwl","VA024","changed","not in manifest; server date 2026-09-11 16:46 is after local 2026-08-28 07:04"
"2026-10-01 13:11",FALSE,"data_files/treering/measurements/northamerica/usa/wa135.rwl","WA135","changed","local 59439 bytes, server 60741"
"2026-10-01 13:11",FALSE,"data_files/treering/measurements/northamerica/usa/wy002.rwl","WY002","changed","not in manifest; server date 2026-09-25 17:11 is after local 2024-05-09 23:41"
"2026-10-01 13:11",FALSE,"data_files/treering/measurements/northamerica/usa/wy081.rwl","WY081","missing on server","no local copy"
"2026-10-01 13:11",FALSE,"data_files/treering/measurements/southamerica/arg155.rwl","ARG155","changed","local 85392 bytes, server 85384"
"2026-10-01 13:11",FALSE,"data_files/treering/measurements/southamerica/arge016.rwl","ARGE016","changed","local 32685 bytes, server 32783"
"2026-10-01 13:11",FALSE,"data_files/treering/measurements/southamerica/arge021.rwl","ARGE021","changed","local 61268 bytes, server 61854"
"2026-10-01 13:11",FALSE,"data_files/treering/measurements/southamerica/arge041.rwl","ARGE041","changed","local 25207 bytes, server 25201"
"2026-10-01 13:11",FALSE,"data_files/treering/measurements/southamerica/arge065.rwl","ARGE065","changed","local 47529 bytes, server 47433"
"2026-10-01 13:11",FALSE,"data_files/treering/measurements/southamerica/arge085.rwl","ARGE085","changed","local 31436 bytes, server 31074"
"2026-10-01 13:11",FALSE,"data_files/treering/measurements/southamerica/arge091.rwl","ARGE091","changed","local 166305 bytes, server 169345"
"2026-10-01 13:11",FALSE,"data_files/treering/measurements/southamerica/arge141.rwl","ARGE141","changed","local 276656 bytes, server 277204"
"2026-10-01 13:11",FALSE,"data_files/treering/measurements/southamerica/chil012.rwl","CHIL012","changed","local 97906 bytes, server 98350"
"2026-10-01 13:11",FALSE,"data_files/treering/measurements/southamerica/chil013.rwl","CHIL013","changed","local 116670 bytes, server 117286"
"2026-10-01 13:11",FALSE,"data_files/treering/measurements/europe/brit048i-noaa.rwl",NA,"deleted","not in the API index"
"2026-10-01 13:11",FALSE,"data_files/treering/measurements/europe/brit048t-noaa.rwl",NA,"deleted","not in the API index"
"2026-10-01 13:11",FALSE,"data_files/treering/measurements/europe/brit049i-noaa.rwl",NA,"deleted","not in the API index"
"2026-10-01 13:11",FALSE,"data_files/treering/measurements/europe/brit049t-noaa.rwl",NA,"deleted","not in the API index"
"2026-10-01 13:11",FALSE,"data_files/treering/measurements/europe/bulg002i-noaa.rwl",NA,"deleted","not in the API index"
"2026-10-01 13:11",FALSE,"data_files/treering/measurements/europe/bulg002t-noaa.rwl",NA,"deleted","not in the API index"
"2026-10-01 13:11",FALSE,"data_files/treering/measurements/europe/roma004i-noaa.rwl",NA,"deleted","not in the API index"
"2026-10-01 13:11",FALSE,"data_files/treering/measurements/europe/roma004t-noaa.rwl",NA,"deleted","not in the API index"
