"StudyID","XML_FileName","Lat","Long","Altitude","terrain","note"
"CANA323","noaa-tree-13755.xml",56,-60,-33,-35,"reported below sea level"
"AK112","noaa-tree-13705.xml",60.5,-146,0,111,"reported exactly 0 m"
"AK114","noaa-tree-13707.xml",56,-132,0,145,"reported exactly 0 m"
"AK158","noaa-tree-23054.xml",56.2301,-131.9479,0,237,"reported exactly 0 m"
"MO1","noaa-tree-3451.xml",37.13,-91.2,0,239,"reported exactly 0 m"
"MO2","noaa-tree-3452.xml",37.12,-91.48,0,290,"reported exactly 0 m"
"BRIT030","noaa-tree-3489.xml",55,-2,0,163,"reported exactly 0 m"
"BRIT035","noaa-tree-3492.xml",53.75,-2,0,305,"reported exactly 0 m"
"BRIT029","noaa-tree-3493.xml",51.75,-2,0,170,"reported exactly 0 m"
"BRIT032","noaa-tree-3494.xml",53.5,-1.5,0,122,"reported exactly 0 m"
"BRIT033","noaa-tree-3495.xml",53.5,-1.5,0,122,"reported exactly 0 m"
"BRIT3","noaa-tree-3496.xml",51,-3.83,0,119,"reported exactly 0 m"
"BELG001","noaa-tree-3499.xml",50.17,5.75,0,438,"reported exactly 0 m"
"BELG003","noaa-tree-3501.xml",50.5,5.25,0,162,"reported exactly 0 m"
"BELG004","noaa-tree-3502.xml",50.47,4.87,0,123,"reported exactly 0 m"
"NETH014","noaa-tree-3630.xml",50.87,6.07,0,139,"reported exactly 0 m"
"FRAN029","noaa-tree-3853.xml",46.25,4,0,269,"reported exactly 0 m"
"FRAN030","noaa-tree-3854.xml",46.83,6.25,0,963,"reported exactly 0 m"
"TX043","noaa-tree-4838.xml",31.45,-96.2,0,157,"reported exactly 0 m"
"NM562","noaa-tree-5081.xml",32.7,-106.35,0,1215,"reported exactly 0 m"
"NM553","noaa-tree-5091.xml",32.72,-106.37,0,1204,"reported exactly 0 m"
"OR033","noaa-tree-5229.xml",45.28,-118.57,0,1341,"reported exactly 0 m"
"OR031","noaa-tree-5231.xml",45.47,-118.2,0,1385,"reported exactly 0 m"
"OR032","noaa-tree-5234.xml",45.12,-117.02,0,1637,"reported exactly 0 m"
"TURK035","noaa-tree-5510.xml",37,34.5,0,1113,"reported exactly 0 m"
"WI013","noaa-tree-16825.xml",44.3067,-87.5283,630,178,"reads as 192 m if feet (strong)"
"MEXI094","noaa-tree-20901.xml",25.875,-100.234,1329,441,"reads as 405 m if feet (uncertain -- steep terrain)"
"GERM5","noaa-tree-2691.xml",48.75,13,940,306,"reads as 287 m if feet (strong)"
"GERM301","noaa-tree-2692.xml",48.75,13,940,306,"reads as 287 m if feet (strong)"
"GERM14","noaa-tree-2693.xml",48.75,13,940,306,"reads as 287 m if feet (strong)"
"GERM4","noaa-tree-2694.xml",48.75,13,940,306,"reads as 287 m if feet (strong)"
"AK001","noaa-tree-3264.xml",60.43,-147.75,275,78,"reads as 84 m if feet (strong)"
"CHIN085","noaa-tree-32773.xml",30.2,117.6,1025,280,"reads as 312 m if feet (uncertain -- steep terrain)"
"AR070","noaa-tree-3583.xml",32.55,-93.28,191,67,"reads as 58 m if feet (strong)"
"RUS364","noaa-tree-36362.xml",53.44,49.78,342,97,"reads as 104 m if feet (strong)"
"CAN678","noaa-tree-37371.xml",50.81,-118.97,1634,564,"reads as 498 m if feet (uncertain -- steep terrain)"
"AK206","noaa-tree-37423.xml",60,-141.68,650,218,"reads as 198 m if feet (uncertain -- steep terrain)"
"NEPA013","noaa-tree-3770.xml",27.17,86.42,3300,885,"reads as 1006 m if feet (uncertain -- steep terrain)"
"NEPA022","noaa-tree-3779.xml",27.45,86.05,3720,1217,"reads as 1134 m if feet (uncertain -- steep terrain)"
"TURK008","noaa-tree-3819.xml",41.2,32.3,1140,314,"reads as 347 m if feet (uncertain -- steep terrain)"
"AUSL011","noaa-tree-3824.xml",-43.42,147.27,380,124,"reads as 116 m if feet (strong)"
"AUSL014","noaa-tree-3837.xml",-43.42,147.27,350,124,"reads as 107 m if feet (strong)"
"BRIT11","noaa-tree-4034.xml",54.12,-0.92,213,76,"reads as 65 m if feet (strong)"
"MEX147","noaa-tree-40529.xml",16.132,-91.174,1467,508,"reads as 447 m if feet (uncertain -- steep terrain)"
"TURK028","noaa-tree-4199.xml",41.2,32.62,900,318,"reads as 274 m if feet (uncertain -- steep terrain)"
"MAR052","noaa-tree-42145.xml",34.083333,4.183333,1800,541,"reads as 549 m if feet (strong)"
"CAN726","noaa-tree-43332.xml",50.81,-118.97,1634,564,"reads as 498 m if feet (uncertain -- steep terrain)"
"CANA078","noaa-tree-4408.xml",57.7,-105.27,2000,564,"reads as 610 m if feet (uncertain -- steep terrain)"
"CANA068","noaa-tree-4411.xml",52.02,-82.9,200,59,"reads as 61 m if feet (strong)"
"FRAN028","noaa-tree-4504.xml",43.87,7.33,2050,587,"reads as 625 m if feet (uncertain -- steep terrain)"
"CANA059","noaa-tree-4515.xml",62.73,-111.63,1350,388,"reads as 411 m if feet (uncertain -- steep terrain)"
"SWED012","noaa-tree-4529.xml",63.35,18.98,280,79,"reads as 85 m if feet (strong)"
"MEXI006","noaa-tree-5012.xml",23.33,-105.6,2621,789,"reads as 799 m if feet (uncertain -- steep terrain)"
"MEXI008","noaa-tree-5014.xml",23.33,-105.6,2590,789,"reads as 789 m if feet (uncertain -- steep terrain)"
"ME1","noaa-tree-5063.xml",45.17,-70.45,1155,348,"reads as 352 m if feet (strong)"
"NY","noaa-tree-5065.xml",43.8,-74.6,1788,603,"reads as 545 m if feet (uncertain -- steep terrain)"
"JORD001","noaa-tree-5127.xml",30.63,35.5,1250,380,"reads as 381 m if feet (uncertain -- steep terrain)"
"ARGE091","noaa-tree-5193.xml",-42.08,-71.83,1200,383,"reads as 366 m if feet (uncertain -- steep terrain)"
"AK021","noaa-tree-5244.xml",60,-141.68,650,218,"reads as 198 m if feet (uncertain -- steep terrain)"
"MORC015","noaa-tree-9642.xml",35.083,-5.466,900,290,"reads as 274 m if feet (uncertain -- steep terrain)"
