study,file,verdict,status_2024,pathology,detail,allequal_2024
az615,data_files/treering/measurements/northamerica/usa/az615.rwl,new wrong,fixed,alphabetic characters in measurements,core AZP0310A year 1992; core AZP0310B year 1957,
bol019,data_files/treering/measurements/southamerica/bol019.rwl,new wrong,fixed,malformed number,"core sot875, year 1866",
brit008,data_files/treering/measurements/europe/brit008.rwl,new wrong,fixed,space in core ID,,
cana015,data_files/treering/measurements/northamerica/canada/cana015.rwl,new wrong,fixed,multiple 999 end markers,,
cana136,data_files/treering/measurements/northamerica/canada/cana136.rwl,new wrong,fixed,"space in core ID followed by a digit, bunched against year",,
cana7rw,data_files/treering/measurements/northamerica/canada/cana7rw.rwl,new wrong,fixed,"4 header lines, 4th starts with #",,
che417,data_files/treering/measurements/europe/che417.rwl,new wrong,fixed,-999 used for a missing ring,,
che418,data_files/treering/measurements/europe/che418.rwl,new wrong,fixed,-999 used for a missing ring,,
che419,data_files/treering/measurements/europe/che419.rwl,new wrong,fixed,-999 used for a missing ring,,
che420,data_files/treering/measurements/europe/che420.rwl,new wrong,fixed,-999 used for a missing ring,,
che421,data_files/treering/measurements/europe/che421.rwl,new wrong,fixed,-999 used for a missing ring,,
che422,data_files/treering/measurements/europe/che422.rwl,new wrong,fixed,-999 used for a missing ring,,
che423,data_files/treering/measurements/europe/che423.rwl,new wrong,fixed,-999 used for a missing ring,,
deu317,data_files/treering/measurements/europe/deu317.rwl,new wrong,fixed,literal 999 measurement at end of line,"cores dmm0606m and dmm0625m, year 1799",
dza004,data_files/treering/measurements/africa/dza004.rwl,new wrong,fixed,more than 3 header lines,,
dza017,data_files/treering/measurements/africa/dza017.rwl,new wrong,fixed,6-digit ring width,,
fl010,data_files/treering/measurements/northamerica/usa/fl010.rwl,new wrong,fixed,"space in core ID, over-long core name",,
fl014,data_files/treering/measurements/northamerica/usa/fl014.rwl,new wrong,fixed,multiple header lines,,
fran10,data_files/treering/measurements/europe/fran10.rwl,new wrong,fixed,"headers mid-file, with comment lines",,
ita065,data_files/treering/measurements/europe/ita065.rwl,new wrong,fixed,CooRecorder comment lines not starting with #,,
kyrg014,data_files/treering/measurements/asia/kyrg014.rwl,new wrong,OPEN,"This core has two different precision flags, old version only read the 2nd flag, new version detects and throws an error",kok3a,FALSE
mex117,data_files/treering/measurements/northamerica/mexico/mex117.rwl,new wrong,OPEN,"very large numbers, all bunched",,
mexi077,data_files/treering/measurements/northamerica/mexico/mexi077.rwl,new wrong,fixed,-9999 shifted left and bunched,,
mong043b,data_files/treering/measurements/asia/mong043b.rwl,new wrong,fixed,space and hyphen in core ID,,
neth025,GONE (now .txt only),new wrong,fixed,non-standard end-of-line,,
or005,data_files/treering/measurements/northamerica/usa/or005.rwl,new wrong,OPEN,blank gaps used for missing values,new reader misses them,Different number of rows
russ301,data_files/treering/measurements/asia/russ301.rwl,new wrong,OPEN,Encoding error,Cyrillic character; new reader has no encoding argument,FALSE
swit384,data_files/treering/measurements/europe/swit384.rwl,new wrong,fixed,space in core ID,,
swit385,data_files/treering/measurements/europe/swit385.rwl,new wrong,fixed,space in core ID,,
turk033,data_files/treering/measurements/europe/turk033.rwl,new wrong,fixed,73-character lines,,
wa059,data_files/treering/measurements/northamerica/usa/wa059.rwl,new wrong,fixed,stray character at end of file,,
tha021,data_files/treering/measurements/asia/tha021.rwl,disputed,n/a,"Letter C becomes c in core ID, new version treated as two cores, old version changed to upper case","MV2-1C; 1938, 1939",Column 'core': 4 string mismatches
arge041,data_files/treering/measurements/southamerica/arge041.rwl,UNTRIAGED,n/a,,,Different number of rows
arge065,data_files/treering/measurements/southamerica/arge065.rwl,UNTRIAGED,n/a,,,Column 'rw': Mean relative difference: 0.005252791
az143,data_files/treering/measurements/northamerica/usa/az143.rwl,UNTRIAGED,n/a,,,Column 'rw': Mean relative difference: 0.002802951
co628,data_files/treering/measurements/northamerica/usa/co628.rwl,UNTRIAGED,n/a,,,Column 'rw': Mean relative difference: 7.830433e-05
turk029,data_files/treering/measurements/europe/turk029.rwl,UNTRIAGED,n/a,,,Different number of rows
ak015,data_files/treering/measurements/northamerica/usa/ak015.rwl,old wrong,n/a,"Text shifted right by one space, old version misread",EL46SE; 1850 - 1851,Column 'rw': Mean relative difference: 0.0007641251
ak159,data_files/treering/measurements/northamerica/usa/ak159.rwl,old wrong,n/a,"Text shifted right by one space, old version misread","F082bn04, F281_016",Column 'rw': Mean relative difference: 0.002597217
ak160,data_files/treering/measurements/northamerica/usa/ak160.rwl,old wrong,n/a,"Text shifted right by one space, old version misread",,Column 'rw': Mean relative difference: 0.01171247
arge042,data_files/treering/measurements/southamerica/arge042.rwl,old wrong,n/a,Some lines staggered all over the place,,
ausl043,data_files/treering/measurements/australia/ausl043.rwl,old wrong,n/a,"Text shifted right by one space, old version misread","SPR01C; 1693, 1694; new=1, 0.52 old=0.1, 0.052",Column 'rw': Mean relative difference: 0.0003804226
ausl045,data_files/treering/measurements/australia/ausl045.rwl,old wrong,n/a,Strange EOL caused old version to misread some data points,mrr08nw; 1840 - 1849,Column 'rw': Mean relative difference: 0.002014755
ausl049,data_files/treering/measurements/australia/ausl049.rwl,old wrong,n/a,"Text shifted right by one space, old version misread","DX081; 1800, 1801; new=37.28, 25 old=3.72, 825",Column 'rw': Mean relative difference: 0.02746529
ausl053,data_files/treering/measurements/australia/ausl053.rwl,old wrong,n/a,"Text shifted right by one space, old version misread",,FALSE
bra009,data_files/treering/measurements/southamerica/bra009.rwl,old wrong,n/a,"Texts stagged all over the place, but not bunched up, so new version read correctly while old version doesn't",,Different number of rows
bra010,data_files/treering/measurements/southamerica/bra010.rwl,old wrong,n/a,"Texts stagged all over the place, but not bunched up, so new version read correctly while old version doesn't",,Different number of rows
ca614,data_files/treering/measurements/northamerica/usa/ca614.rwl,old wrong,n/a,Old version missed the first line,first core,Different number of rows
ca615,data_files/treering/measurements/northamerica/usa/ca615.rwl,old wrong,n/a,Old version missed the first line,first core,Different number of rows
ca616,data_files/treering/measurements/northamerica/usa/ca616.rwl,old wrong,n/a,Old version missed the first line,first core,Different number of rows
ca618,data_files/treering/measurements/northamerica/usa/ca618.rwl,old wrong,n/a,Old version missed the first line,first core,Different number of rows
ca619,data_files/treering/measurements/northamerica/usa/ca619.rwl,old wrong,n/a,Old version missed the first line,first core,Different number of rows
ca620,data_files/treering/measurements/northamerica/usa/ca620.rwl,old wrong,n/a,Old version missed the first line,first core,Different number of rows
ca621,data_files/treering/measurements/northamerica/usa/ca621.rwl,old wrong,n/a,Old version missed the first line,first core,Different number of rows
ca623,data_files/treering/measurements/northamerica/usa/ca623.rwl,old wrong,n/a,Old version missed the first line,first core,Different number of rows
ca625,data_files/treering/measurements/northamerica/usa/ca625.rwl,old wrong,n/a,Old version missed the first line,first core,Different number of rows
ca626,data_files/treering/measurements/northamerica/usa/ca626.rwl,old wrong,n/a,Old version missed the first line,first core,Different number of rows
ca645,data_files/treering/measurements/northamerica/usa/ca645.rwl,old wrong,n/a,Old version missed the first line,first core,Different number of rows
ca646,data_files/treering/measurements/northamerica/usa/ca646.rwl,old wrong,n/a,Old version missed the first line,first core,Different number of rows
ca647,data_files/treering/measurements/northamerica/usa/ca647.rwl,old wrong,n/a,Old version missed the first line,first core,Different number of rows
ca648,data_files/treering/measurements/northamerica/usa/ca648.rwl,old wrong,n/a,Old version missed the first line,first core,Different number of rows
ca649,data_files/treering/measurements/northamerica/usa/ca649.rwl,old wrong,n/a,Old version missed the first line,first core,Different number of rows
ca650,data_files/treering/measurements/northamerica/usa/ca650.rwl,old wrong,n/a,Old version missed the first line,first core,Different number of rows
ca651,data_files/treering/measurements/northamerica/usa/ca651.rwl,old wrong,n/a,Old version missed the first line,first core,Different number of rows
ca652,data_files/treering/measurements/northamerica/usa/ca652.rwl,old wrong,n/a,Old version missed the first line,first core,Different number of rows
ca653,data_files/treering/measurements/northamerica/usa/ca653.rwl,old wrong,n/a,Old version missed the first line,first core,Different number of rows
ca654,data_files/treering/measurements/northamerica/usa/ca654.rwl,old wrong,n/a,Old version missed the first line,first core,Different number of rows
ca655,data_files/treering/measurements/northamerica/usa/ca655.rwl,old wrong,n/a,Old version missed the first line,first core,Different number of rows
ca656,data_files/treering/measurements/northamerica/usa/ca656.rwl,old wrong,n/a,Old version missed the first line,first core,Different number of rows
ca657,data_files/treering/measurements/northamerica/usa/ca657.rwl,old wrong,n/a,Old version missed the first line,first core,Different number of rows
ca658,data_files/treering/measurements/northamerica/usa/ca658.rwl,old wrong,n/a,Old version missed the first line,first core,Different number of rows
ca659,data_files/treering/measurements/northamerica/usa/ca659.rwl,old wrong,n/a,Old version missed the first line,first core,Different number of rows
ca660,data_files/treering/measurements/northamerica/usa/ca660.rwl,old wrong,n/a,Old version missed the first line,first core,Different number of rows
ca661,data_files/treering/measurements/northamerica/usa/ca661.rwl,old wrong,n/a,Old version missed the first line,first core,Different number of rows
ca662,data_files/treering/measurements/northamerica/usa/ca662.rwl,old wrong,n/a,Old version missed the first line,first core,Different number of rows
ca663,data_files/treering/measurements/northamerica/usa/ca663.rwl,old wrong,n/a,Old version missed the first line,first core,Different number of rows
ca664,data_files/treering/measurements/northamerica/usa/ca664.rwl,old wrong,n/a,Old version missed the first line,first core,Different number of rows
ca665,data_files/treering/measurements/northamerica/usa/ca665.rwl,old wrong,n/a,Old version missed the first line,first core,Different number of rows
ca688,data_files/treering/measurements/northamerica/usa/ca688.rwl,old wrong,n/a,Old version missed the first line,first core,Different number of rows
ca689,data_files/treering/measurements/northamerica/usa/ca689.rwl,old wrong,n/a,Old version missed the first line,first core,Different number of rows
can694,data_files/treering/measurements/northamerica/canada/can694.rwl,old wrong,n/a,"Short core ID, old version read ""1"" into core ID and years shifted by 1000",every core; every year,Column 'core': 6314 string mismatches
can695,data_files/treering/measurements/northamerica/canada/can695.rwl,old wrong,n/a,"Short core ID, old version read ""1"" into core ID and years shifted by 1000",every core; every year,Column 'core': 7645 string mismatches
can696,data_files/treering/measurements/northamerica/canada/can696.rwl,old wrong,n/a,"Short core ID, old version read ""1"" into core ID and years shifted by 1000",every core; every year,Column 'core': 7783 string mismatches
can697,data_files/treering/measurements/northamerica/canada/can697.rwl,old wrong,n/a,"Short core ID, old version read ""1"" into core ID and years shifted by 1000",every core; every year,Column 'core': 14964 string mismatches
can698,data_files/treering/measurements/northamerica/canada/can698.rwl,old wrong,n/a,"Short core ID, old version read ""1"" into core ID and years shifted by 1000",every core; every year,Column 'core': 6974 string mismatches
can699,data_files/treering/measurements/northamerica/canada/can699.rwl,old wrong,n/a,"Short core ID, old version read ""1"" into core ID and years shifted by 1000",every core; every year,Column 'core': 6062 string mismatches
can700,data_files/treering/measurements/northamerica/canada/can700.rwl,old wrong,n/a,"Short core ID, old version read ""1"" into core ID and years shifted by 1000",every core; every year,Column 'core': 3536 string mismatches
can701,data_files/treering/measurements/northamerica/canada/can701.rwl,old wrong,n/a,"Short core ID, old version read ""1"" into core ID and years shifted by 1000",every core; every year,Column 'core': 7926 string mismatches
can702,data_files/treering/measurements/northamerica/canada/can702.rwl,old wrong,n/a,"Short core ID, old version read ""1"" into core ID and years shifted by 1000",every core; every year,Column 'core': 6560 string mismatches
can703,data_files/treering/measurements/northamerica/canada/can703.rwl,old wrong,n/a,"Short core ID, old version read ""1"" into core ID and years shifted by 1000",every core; every year,Column 'core': 18636 string mismatches
can704,data_files/treering/measurements/northamerica/canada/can704.rwl,old wrong,n/a,"Short core ID, old version read ""1"" into core ID and years shifted by 1000",every core; every year,Column 'core': 14838 string mismatches
can705,data_files/treering/measurements/northamerica/canada/can705.rwl,old wrong,n/a,"Short core ID, old version read ""1"" into core ID and years shifted by 1000",every core; every year,Column 'core': 4162 string mismatches
can706,data_files/treering/measurements/northamerica/canada/can706.rwl,old wrong,n/a,"Short core ID, old version read ""1"" into core ID and years shifted by 1000",every core; every year,Column 'core': 5536 string mismatches
can707,data_files/treering/measurements/northamerica/canada/can707.rwl,old wrong,n/a,"Short core ID, old version read ""1"" into core ID and years shifted by 1000",every core; every year,Column 'core': 4855 string mismatches
can708,data_files/treering/measurements/northamerica/canada/can708.rwl,old wrong,n/a,"Short core ID, old version read ""1"" into core ID and years shifted by 1000",every core; every year,Column 'core': 13119 string mismatches
can709,data_files/treering/measurements/northamerica/canada/can709.rwl,old wrong,n/a,"Short core ID, old version read ""1"" into core ID and years shifted by 1000",every core; every year,Column 'core': 7438 string mismatches
can710,data_files/treering/measurements/northamerica/canada/can710.rwl,old wrong,n/a,"Short core ID, old version read ""1"" into core ID and years shifted by 1000",every core; every year,Column 'core': 5055 string mismatches
can711,data_files/treering/measurements/northamerica/canada/can711.rwl,old wrong,n/a,"Short core ID, old version read ""1"" into core ID and years shifted by 1000",every core; every year,Column 'core': 8688 string mismatches
can712,data_files/treering/measurements/northamerica/canada/can712.rwl,old wrong,n/a,"Short core ID, old version read ""1"" into core ID and years shifted by 1000",every core; every year,Column 'core': 12292 string mismatches
can713,data_files/treering/measurements/northamerica/canada/can713.rwl,old wrong,n/a,"Short core ID, old version read ""1"" into core ID and years shifted by 1000",every core; every year,Column 'core': 9016 string mismatches
can714,data_files/treering/measurements/northamerica/canada/can714.rwl,old wrong,n/a,"Short core ID, old version read ""1"" into core ID and years shifted by 1000",every core; every year,Column 'core': 7413 string mismatches
can715,data_files/treering/measurements/northamerica/canada/can715.rwl,old wrong,n/a,"Short core ID, old version read ""1"" into core ID and years shifted by 1000",every core; every year,Column 'core': 6157 string mismatches
can716,data_files/treering/measurements/northamerica/canada/can716.rwl,old wrong,n/a,"Short core ID, old version read ""1"" into core ID and years shifted by 1000",every core; every year,Column 'core': 4163 string mismatches
cana209,data_files/treering/measurements/northamerica/canada/cana209.rwl,old wrong,n/a,"Short core ID, old version read ""1"" into core ID and years shifted by 1000",EGR108,Column 'core': 103 string mismatches
chin061,data_files/treering/measurements/asia/chin061.rwl,old wrong,n/a,"Text shifted right by one space, old version misread","DLS104B; 1278, 1279; new=0.11, 0.09 old=0.01, 0.19",Column 'rw': Mean relative difference: 0.0003739646
co006,GONE,old wrong,n/a,"Text shifted right by one space, old version misread",stu081; 1622; new=0.06 old=0.006,
co651,data_files/treering/measurements/northamerica/usa/co651.rwl,old wrong,n/a,Old version missed the first line,first core,Different number of rows
co652,data_files/treering/measurements/northamerica/usa/co652.rwl,old wrong,n/a,Old version missed the first line,first core,Different number of rows
co691,data_files/treering/measurements/northamerica/usa/co691.rwl,old wrong,n/a,"Text shifted right by one space, old version misread",wpx181; -267 and  -266,Column 'rw': Mean relative difference: 0.002758094
ct001,data_files/treering/measurements/northamerica/usa/ct001.rwl,old wrong,n/a,"Only one line of header, old version missed first two rows",PB1S; 1698 - 1709,Different number of rows
germ036,data_files/treering/measurements/europe/germ036.rwl,old wrong,n/a,"Text shifted right by one space, old version misread",SIN06B; 1925 - 1926,Column 'rw': Mean relative difference: 0.007403511
indi010,data_files/treering/measurements/asia/indi010.rwl,old wrong,n/a,Text is shifted one character to the right so old version misread,kancd11a; 1960; new=1.4 old=0.14,Column 'rw': Mean relative difference: 0.0009758515
indi025,data_files/treering/measurements/asia/indi025.rwl,old wrong,n/a,"Text shifted right by one space, old version misread","nar07b; 1963, 1964; new=12.19, 7.64 old=1.21, 97.64",Column 'rw': Mean relative difference: 0.172039
ma028,data_files/treering/measurements/northamerica/usa/ma028.rwl,old wrong,n/a,Old version missed the first line,first core,Different number of rows
ma029,data_files/treering/measurements/northamerica/usa/ma029.rwl,old wrong,n/a,Old version missed the first line,first core,Different number of rows
mar035,data_files/treering/measurements/africa/mar035.rwl,old wrong,n/a,"Text shifted right by one space, old version misread",,Column 'rw': Mean relative difference: 0.00113492
mar047,data_files/treering/measurements/africa/mar047.rwl,old wrong,n/a,"Text shifted right by one space, old version misread",,Column 'rw': Mean relative difference: 0.008579524
mexi001,data_files/treering/measurements/northamerica/mexico/mexi001.rwl,old wrong,n/a,Old version missed the first line,,Different number of rows
mexi029,data_files/treering/measurements/northamerica/mexico/mexi029.rwl,old wrong,n/a,Old version missed the first line,first core,Different number of rows
mexi037,data_files/treering/measurements/northamerica/mexico/mexi037.rwl,old wrong,n/a,Old version missed the first line,first core,Different number of rows
mexi038,data_files/treering/measurements/northamerica/mexico/mexi038.rwl,old wrong,n/a,Old version missed the first line,first core,Different number of rows
mexi041,data_files/treering/measurements/northamerica/mexico/mexi041.rwl,old wrong,n/a,Old version missed the first line,first core,Different number of rows
mexi042,data_files/treering/measurements/northamerica/mexico/mexi042.rwl,old wrong,n/a,Old version missed the first line,first core,Different number of rows
mexi044,data_files/treering/measurements/northamerica/mexico/mexi044.rwl,old wrong,n/a,Old version missed the first line,first core,Different number of rows
mexi045,data_files/treering/measurements/northamerica/mexico/mexi045.rwl,old wrong,n/a,Old version missed the first line,first core,Different number of rows
mexi046,data_files/treering/measurements/northamerica/mexico/mexi046.rwl,old wrong,n/a,Old version missed the first line,first core,Different number of rows
mexi047,data_files/treering/measurements/northamerica/mexico/mexi047.rwl,old wrong,n/a,Old version missed the first line,first core,Different number of rows
mi021,data_files/treering/measurements/northamerica/usa/mi021.rwl,old wrong,n/a,Strange EOL caused old version to misread some data points,PLK18A; 1990 - 1999; new= old=missing,Different number of rows
mi024,data_files/treering/measurements/northamerica/usa/mi024.rwl,old wrong,n/a,Old version missed the first line,first core,
mt109,data_files/treering/measurements/northamerica/usa/mt109.rwl,old wrong,n/a,Old version missed the first line,GRM713; 1716 - 1719; new= old=missing,Different number of rows
mt158,data_files/treering/measurements/northamerica/usa/mt158.rwl,old wrong,n/a,Old version missed the first line,first core,Different number of rows
nc025,data_files/treering/measurements/northamerica/usa/nc025.rwl,old wrong,n/a,Old version missed the first line,first core,Different number of rows
ne005,data_files/treering/measurements/northamerica/usa/ne005.rwl,old wrong,n/a,"Text shifted right by two spaces, old version misread",sna112; 1776 - 1779,Column 'rw': Mean relative difference: 0.0003746402
neth031,GONE (now .txt only),old wrong,n/a,"Text shifted right by one space, old version misread","ABGD544; 1948 - 1949; new=2.22 old=0.22, 22.2",Column 'rw': Mean relative difference: 0.0007581553
nj001,data_files/treering/measurements/northamerica/usa/nj001.rwl,old wrong,n/a,"Duplicated HF 2W, one with texts shifted left one space, old version read as HF 2W 1 and years shifted by 1000 years",HF2W,Column 'core': 238 string mismatches
nj002,data_files/treering/measurements/northamerica/usa/nj002.rwl,old wrong,n/a,"Duplicated HF 2W, one with texts shifted left one space, old version read as HF 2W 1 and years shifted by 1000 years",HF2W,Column 'core': 238 string mismatches
nm580,data_files/treering/measurements/northamerica/usa/nm580.rwl,old wrong,n/a,Old version missed the first line,first core,Different number of rows
ok033,data_files/treering/measurements/northamerica/usa/ok033.rwl,old wrong,n/a,Old version missed the first line,first core,Different number of rows
rus319,data_files/treering/measurements/asia/rus319.rwl,old wrong,n/a,"Text shifted right by one space, old version misread",B42s7a; 1603 - 1609,Column 'rw': Mean relative difference: 0.06545608
russ218,data_files/treering/measurements/asia/russ218.rwl,old wrong,n/a,"Text shifted right by one space, old version misread","rv2s, rv8e",Column 'rw': Mean relative difference: 0.01453346
swit177x,data_files/treering/measurements/europe/swit177x.rwl,old wrong,n/a,mixed -999 and 0 for zero rings,"cores 638002, 638003, 638010: old reads -999 as zero before the 999 marker",
tx050,data_files/treering/measurements/northamerica/usa/tx050.rwl,old wrong,n/a,Old version missed the first line,first core,Different number of rows
tx051,data_files/treering/measurements/northamerica/usa/tx051.rwl,old wrong,n/a,Old version missed the first line,first core,Different number of rows
tx052,data_files/treering/measurements/northamerica/usa/tx052.rwl,old wrong,n/a,Old version missed the first line,first core,Different number of rows
tx053,data_files/treering/measurements/northamerica/usa/tx053.rwl,old wrong,n/a,Old version missed the first line,first core,Different number of rows
tx054,data_files/treering/measurements/northamerica/usa/tx054.rwl,old wrong,n/a,Old version missed the first line,first core,Different number of rows
ut521,data_files/treering/measurements/northamerica/usa/ut521.rwl,old wrong,n/a,Old version missed the first line,SK101A; 1739; new=0.17 old=missing,Different number of rows
ut522,data_files/treering/measurements/northamerica/usa/ut522.rwl,old wrong,n/a,Old version missed the first line,SK201A; new= old=missing,Different number of rows
va021,data_files/treering/measurements/northamerica/usa/va021.rwl,old wrong,n/a,Old version missed the first line,first core,Different number of rows
va024,data_files/treering/measurements/northamerica/usa/va024.rwl,old wrong,n/a,Strange EOL caused old version to misread some data points,"12A, 25B",Column 'rw': Mean relative difference: 0.02569651
wi002,data_files/treering/measurements/northamerica/usa/wi002.rwl,old wrong,n/a,Old version missed the first line,first core,Different number of rows
ausl024,data_files/treering/measurements/australia/ausl024.rwl,old needs long=TRUE,n/a,years before -999,old reader correct only with long = TRUE,FALSE
brit036,data_files/treering/measurements/europe/brit036.rwl,old needs long=TRUE,n/a,years before -999,old reader correct only with long = TRUE,FALSE
brit037,data_files/treering/measurements/europe/brit037.rwl,old needs long=TRUE,n/a,years before -999,old reader correct only with long = TRUE,FALSE
brit039,data_files/treering/measurements/europe/brit039.rwl,old needs long=TRUE,n/a,years before -999,old reader correct only with long = TRUE,FALSE
chin067,data_files/treering/measurements/asia/chin067.rwl,old needs long=TRUE,n/a,years before -999,old reader correct only with long = TRUE,FALSE
chin069,data_files/treering/measurements/asia/chin069.rwl,old needs long=TRUE,n/a,years before -999,old reader correct only with long = TRUE,FALSE
swed334,data_files/treering/measurements/europe/swed334.rwl,old needs long=TRUE,n/a,years before -999,old reader correct only with long = TRUE,FALSE
turk044,data_files/treering/measurements/europe/turk044.rwl,old needs long=TRUE,n/a,years before -999,old reader correct only with long = TRUE,FALSE
turk045,data_files/treering/measurements/europe/turk045.rwl,old needs long=TRUE,n/a,years before -999,old reader correct only with long = TRUE,FALSE
turk046,data_files/treering/measurements/europe/turk046.rwl,old needs long=TRUE,n/a,years before -999,old reader correct only with long = TRUE,FALSE
