"file","series","first","last","span","n","n_zero","med","min","max","out_z","out_val","out_year","n_series","med_span","n_short","frac_short","n_overlap","r","report","tier"
"asia/tha025.rwl","ma040B",1964,1967,4,4,0,11.915,6.93,16.24,1.59300730138531,6.93,1966,256,30,4,0.015625,4,NA,TRUE,"investigate"
"europe/germ4.rwl","048052",1960,1964,5,5,0,0.65,0.51,0.76,1.43583874966569,0.51,1962,25,168,1,0.04,4,NA,TRUE,"investigate"
"europe/swit277.rwl","BRE50112",1990,1993,4,4,0,3.005,2.18,4.14,0.871623748619137,4.14,1991,294,55,45,0.153061224489796,4,NA,TRUE,"investigate"
"europe/swit277.rwl","BRE50114",1990,1993,4,4,0,2.71,1.72,3.43,1.34204489397758,1.72,1992,294,55,45,0.153061224489796,4,NA,TRUE,"investigate"
"europe/swit277.rwl","BRE50116",1990,1993,4,4,0,2.595,1.73,3.19,1.28236054123016,1.73,1992,294,55,45,0.153061224489796,4,NA,TRUE,"investigate"
"europe/swit277.rwl","BRE50118",1990,1993,4,4,0,2.8,1.92,3.62,0.91557253844099,1.92,1992,294,55,45,0.153061224489796,4,NA,TRUE,"investigate"
"europe/swit285.rwl","GRA35082",1991,1993,3,3,0,3.31,2.02,5.09,0.774052463473463,2.02,1992,324,68,36,0.111111111111111,3,NA,TRUE,"investigate"
"europe/swit285.rwl","GRA35084",1991,1993,3,3,0,3.15,2.33,5.18,1.1126216401186,5.18,1993,324,68,36,0.111111111111111,3,NA,TRUE,"investigate"
"europe/swit285.rwl","GRA35086",1991,1993,3,3,0,3.31,2.02,5.11,0.767062261389285,2.02,1992,324,68,36,0.111111111111111,3,NA,TRUE,"investigate"
"europe/swit285.rwl","GRA35088",1991,1993,3,3,0,3.04,2.96,5.35,14.2959719813475,5.35,1993,324,68,36,0.111111111111111,3,NA,TRUE,"investigate"
"europe/swit285.rwl","GRA38082",1991,1993,3,3,0,4.04,2.52,5.15,1.31142081008582,2.52,1992,324,68,36,0.111111111111111,3,NA,TRUE,"investigate"
"europe/swit285.rwl","GRA38084",1991,1993,3,3,0,3.53,2.02,4.65,1.36626582847411,2.02,1992,324,68,36,0.111111111111111,3,NA,TRUE,"investigate"
"europe/swit285.rwl","GRA38086",1991,1993,3,3,0,3.83,2.59,4.16,3.19255404948235,2.59,1992,324,68,36,0.111111111111111,3,NA,TRUE,"investigate"
"europe/swit285.rwl","GRA38088",1991,1993,3,3,0,3.1,2.54,4.41,1.19324356027011,4.41,1993,324,68,36,0.111111111111111,3,NA,TRUE,"investigate"
"europe/swit290.rwl","LAS02092",1989,1992,4,4,0,3.035,1.19,4,2.47920949400253,1.19,1990,303,53,24,0.0792079207920792,4,NA,TRUE,"investigate"
"europe/swit290.rwl","LAS02094",1989,1992,4,4,0,2.775,1.28,3.46,2.5655350865346,1.28,1990,303,53,24,0.0792079207920792,4,NA,TRUE,"investigate"
"europe/swit290.rwl","LAS02096",1989,1992,4,4,0,2.74,1.16,3.73,1.77841576610585,1.16,1990,303,53,24,0.0792079207920792,4,NA,TRUE,"investigate"
"europe/swit290.rwl","LAS02098",1989,1992,4,4,0,2.89,1.1,4.56,1.91579075841648,1.1,1990,303,53,24,0.0792079207920792,4,NA,TRUE,"investigate"
"europe/swit312.rwl","C1-199",1948,1951,4,4,0,3.145,2.59,4.43,2.06666166551392,4.43,1948,421,23,41,0.0973871733966746,4,NA,TRUE,"investigate"
"europe/swit312.rwl","C1-380",1947,1950,4,4,0,5.08,4.01,7.31,1.27412144967124,7.31,1947,421,23,41,0.0973871733966746,4,NA,TRUE,"investigate"
"europe/swit313.rwl","C2-156",1946,1949,4,4,0,4.86,3.19,8.52,1.27306119837368,8.52,1947,452,31,40,0.0884955752212389,4,NA,TRUE,"investigate"
"northamerica/usa/mt165.rwl","LY2A",2010,2012,3,3,0,1.9,1.79,2.36,2.45202990336114,2.36,2010,393,75,7,0.0178117048346056,3,NA,TRUE,"investigate"
"northamerica/usa/mt165.rwl","LY2B",2010,2012,3,3,0,2.12,0.5,2.56,5.16643794923468,0.5,2011,393,75,7,0.0178117048346056,3,NA,TRUE,"investigate"
"northamerica/usa/mt170.rwl","POW25A",2010,2013,4,4,0,5.32,1.8,8.79,1.93104047728607,1.8,2010,408,72,13,0.0318627450980392,4,NA,TRUE,"investigate"
"northamerica/usa/mt170.rwl","POW25B",2010,2013,4,4,0,4.87,3.55,8.38,1.56465005576351,8.38,2013,408,72,13,0.0318627450980392,4,NA,TRUE,"investigate"
"northamerica/usa/mt165.rwl","LY128B",2005,2012,8,8,0,5,0.98,9.03,2.1703706246531,0.98,2005,393,75,7,0.0178117048346056,8,-0.967226628789634,TRUE,"investigate"
"europe/swit313.rwl","C2-123",1948,1953,6,6,0,2.94,1.64,5.03,1.07586452370672,1.64,1948,452,31,40,0.0884955752212389,6,-0.873829927400801,TRUE,"investigate"
"northamerica/usa/fl015.rwl","ANFS020C",2012,2017,6,6,0,1.35,1.25,1.48,0.987524730111832,1.48,2017,58,83.5,1,0.0172413793103448,6,-0.764915081211027,TRUE,"investigate"
"europe/swe355.rwl","ESO0210a",2005,2013,9,9,0,0.45,0.27,0.6,1.57551063982094,0.27,2006,95,51,6,0.0631578947368421,9,-0.680303728595159,TRUE,"investigate"
"europe/swe356.rwl","ESP0125a",2006,2013,8,8,0,0.845,0.44,1.61,1.5816545940968,0.44,2012,98,90,2,0.0204081632653061,8,-0.588944939612377,TRUE,"investigate"
"europe/swe356.rwl","ESP0125b",2006,2013,8,8,0,0.76,0.52,1.47,1.80798348592266,1.47,2008,98,90,2,0.0204081632653061,8,-0.581019090795947,TRUE,"investigate"
"europe/finl086.rwl","ELK0310b",2005,2010,6,6,0,0.87,0.69,1.55,2.45422097593396,1.55,2010,88,60.5,4,0.0454545454545455,6,-0.569860445237872,TRUE,"investigate"
"europe/swe355.rwl","ESO0247b",2005,2013,9,9,0,0.59,0.23,0.81,12.8112629065604,0.23,2013,95,51,6,0.0631578947368421,9,-0.538032135549254,TRUE,"investigate"
"northamerica/usa/mt165.rwl","LY109B",2006,2012,7,7,0,2.62,0.65,5.38,3.21503810843742,0.65,2006,393,75,7,0.0178117048346056,7,-0.529635121094414,TRUE,"investigate"
"europe/finl083.rwl","ELI0235a",2004,2011,8,8,0,0.62,0.51,0.68,2.31071236224311,0.51,2006,170,93.5,2,0.0117647058823529,8,-0.503254060958599,TRUE,"investigate"
"northamerica/usa/mt165.rwl","LY109A",2006,2012,7,7,0,3.66,0.91,6.34,3.24256178446088,0.91,2006,393,75,7,0.0178117048346056,7,-0.423658859075697,TRUE,"investigate"
"europe/swe355.rwl","ESO0247a",2005,2013,9,9,0,0.36,0.22,0.74,2.2476863208273,0.74,2007,95,51,6,0.0631578947368421,9,-0.408562418150886,TRUE,"investigate"
"northamerica/usa/fl015l.rwl","ANFS020C",2012,2017,6,6,0,0.52,0.4,0.78,1.56203844861004,0.78,2017,58,83.5,1,0.0172413793103448,6,-0.394017236823898,TRUE,"investigate"
"asia/russ238n.rwl","11590291",1992,2000,9,9,0,0.67,0.6,0.78,3.38334745584786,0.78,1992,56,50.5,5,0.0892857142857143,9,-0.387223846047918,TRUE,"investigate"
"europe/swit285.rwl","GRA09094",1986,1993,8,8,0,1.69,1.23,2.02,2.82972988365834,1.23,1993,324,68,36,0.111111111111111,8,-0.372159430845168,TRUE,"investigate"
"europe/swit290.rwl","LAS02084",1987,1992,6,6,0,3.3,2.87,4.58,1.96140749051574,4.58,1987,303,53,24,0.0792079207920792,6,-0.36690669824632,TRUE,"investigate"
"europe/swit277.rwl","BRE89098",1988,1993,6,6,0,2.34,1.58,4.79,4.15689535968122,4.79,1990,294,55,45,0.153061224489796,6,-0.351490934252786,TRUE,"investigate"
"europe/swit285.rwl","GRA39084",1985,1992,8,8,0,1.375,1.18,2.1,2.10268961790647,2.1,1986,324,68,36,0.111111111111111,8,-0.345617766117348,TRUE,"investigate"
"northamerica/usa/mt165.rwl","LY113B",2004,2012,9,9,0,9.88,7.93,17.87,1.81802725712171,17.87,2012,393,75,7,0.0178117048346056,9,-0.311467368870607,TRUE,"investigate"
"europe/nor034.rwl","ENS0325A",2006,2013,8,8,0,0.545,0.41,0.91,2.24526434842242,0.91,2010,104,97.5,6,0.0576923076923077,8,-0.29568716260912,TRUE,"investigate"
"europe/swit277.rwl","BRE90000",1988,1993,6,6,0,2.755,2.72,2.78,1.19206988952354,2.72,1988,294,55,45,0.153061224489796,6,-0.295684582661058,TRUE,"investigate"
"europe/swe354.rwl","ESO0142a",2005,2013,9,9,0,0.64,0.54,0.94,5.40067393604643,0.94,2005,98,68,8,0.0816326530612245,9,-0.286940336401644,TRUE,"investigate"
"europe/swe354.rwl","ESO0135a",2005,2013,9,9,0,0.74,0.51,1.24,1.96790734715728,1.24,2010,98,68,8,0.0816326530612245,9,-0.259459215690727,TRUE,"investigate"
"europe/swe354.rwl","ESO0135b",2005,2013,9,9,0,0.73,0.47,0.89,1.81837541694436,0.47,2007,98,68,8,0.0816326530612245,9,-0.237891091177598,TRUE,"investigate"
"europe/swit285.rwl","GRA09098",1986,1993,8,8,0,1.49,1,1.86,3.3032891025641,1,1993,324,68,36,0.111111111111111,8,-0.234129617588583,TRUE,"investigate"
"europe/swit290.rwl","LAS02088",1987,1992,6,6,0,2.955,2.48,4.84,3.46457522855746,4.84,1987,303,53,24,0.0792079207920792,6,-0.20958144353558,TRUE,"investigate"
"europe/nor033.rwl","ENL0123A",2002,2011,10,10,0,1.22,0.37,1.51,4.10215848771302,0.37,2011,101,71,5,0.0495049504950495,10,-0.194465293018666,TRUE,"investigate"
"europe/nor033.rwl","ENL0123B",2002,2011,10,10,0,0.99,0.44,1.41,1.87100246498057,0.44,2011,101,71,5,0.0495049504950495,10,-0.16462903940865,TRUE,"investigate"
"northamerica/usa/mt170.rwl","POW45B",2007,2013,7,7,0,2.81,1.32,7.86,0.955102373384611,7.86,2012,408,72,13,0.0318627450980392,7,-0.15831874977631,TRUE,"investigate"
"northamerica/usa/ok043.rwl","blp31E",1877,1884,8,8,0,1.865,0.987,2.748,1.64276042619693,0.987,1882,171,64,2,0.0116959064327485,8,-0.154312602050697,TRUE,"investigate"
"europe/swit285.rwl","GRA35076",1987,1993,7,7,0,3.46,3.19,4.1,2.38665125608031,4.1,1991,324,68,36,0.111111111111111,7,-0.139704639626693,TRUE,"investigate"
"europe/swit290.rwl","LAS02086",1987,1992,6,6,0,3.02,2.69,4.51,2.97973187147067,4.51,1987,303,53,24,0.0792079207920792,6,-0.136870745675532,TRUE,"investigate"
"europe/swit277.rwl","BRE89092",1988,1993,6,6,0,2.32,1.25,4.62,1.65960716387543,4.62,1990,294,55,45,0.153061224489796,6,-0.135274595962237,TRUE,"investigate"
"europe/swit285.rwl","GRA09096",1986,1993,8,8,0,1.56,1.11,2.1,2.09567693671019,1.11,1993,324,68,36,0.111111111111111,8,-0.102716517525602,TRUE,"investigate"
"europe/swe354.rwl","ESO0142b",2005,2013,9,9,0,0.55,0.48,0.99,4.15964669077306,0.99,2005,98,68,8,0.0816326530612245,9,-0.0926178928902713,TRUE,"investigate"
"europe/finl079.rwl","ELA0225b",2002,2011,10,10,0,1.055,0.57,1.34,2.72601665682886,0.57,2009,80,200,2,0.025,10,-0.0620896841199483,TRUE,"investigate"
"northamerica/usa/mt170.rwl","POW57B",2006,2013,8,8,0,3.19,1.56,4.69,2.21673067092082,1.56,2008,408,72,13,0.0318627450980392,8,-0.0448795767287529,TRUE,"investigate"
"europe/swit285.rwl","GRA39082",1985,1992,8,8,0,1.695,0.85,2.26,2.84434517141321,0.85,1992,324,68,36,0.111111111111111,8,-0.0343222527453492,TRUE,"investigate"
"europe/swit285.rwl","GRA35074",1987,1993,7,7,0,3.54,3.26,4.13,2.09636333858466,4.13,1991,324,68,36,0.111111111111111,7,-0.0289136883801352,TRUE,"investigate"
"europe/nor035.rwl","ENS0411A",2007,2013,7,7,0,0.86,0.22,0.98,7.03977365416977,0.22,2013,101,153,10,0.099009900990099,7,-0.0247374194955092,TRUE,"investigate"
"europe/swit277.rwl","BRE89096",1988,1993,6,6,0,2.635,1.46,4.22,1.7004677364536,1.46,1993,294,55,45,0.153061224489796,6,-0.023789125855574,TRUE,"investigate"
"northamerica/usa/ok043.rwl","blp31F",1886,1893,8,8,0,2.091,1.359,3.301,1.51024595971925,3.301,1888,171,64,2,0.0116959064327485,8,-0.0182095365065574,TRUE,"investigate"
"northamerica/usa/nd013.rwl","P083B",2003,2010,8,8,0,4.605,3.04,10.23,2.04827991471092,10.23,2009,649,110,7,0.0107858243451464,8,-0.0119124922610835,TRUE,"investigate"
"europe/nor035.rwl","ENS0411B",2007,2013,7,7,0,0.78,0.24,1.01,3.07645487391364,0.24,2013,101,153,10,0.099009900990099,7,-0.00326867934524389,TRUE,"investigate"
"northamerica/usa/mt170.rwl","POW161",2005,2013,9,9,0,1.67,1.26,3.3,1.96436494959068,3.3,2008,408,72,13,0.0318627450980392,9,0.00528598811571609,TRUE,"investigate"
"europe/nor035.rwl","ENS0434A",2007,2013,7,7,0,0.93,0.61,1.46,2.41658362295152,1.46,2010,101,153,10,0.099009900990099,7,0.0103863095384186,TRUE,"investigate"
"europe/swit290.rwl","LAS01082",1987,1992,6,6,0,2.215,1.72,2.93,1.36307168513849,2.93,1989,303,53,24,0.0792079207920792,6,0.0326442438797414,TRUE,"investigate"
"europe/fin100.rwl","ELU0111B",2005,2013,9,9,0,0.49,0.26,1.25,2.36519727170598,1.25,2006,95,69,2,0.0210526315789474,9,0.0400270686444183,TRUE,"investigate"
"asia/japa017.rwl","YKA12c12",1809,1815,7,7,0,4.49,1.85,5.65,2.60244273586817,1.85,1809,99,126,2,0.0202020202020202,7,0.0406309876512536,TRUE,"investigate"
"europe/swit290.rwl","LAS02082",1987,1992,6,6,0,3.215,2.59,4.36,2.16524081045785,4.36,1987,303,53,24,0.0792079207920792,6,0.0452811485278282,TRUE,"investigate"
"europe/finl080.rwl","ELH0148a",2004,2011,8,8,0,0.55,0.36,0.93,1.89345989842607,0.93,2004,99,69,2,0.0202020202020202,8,0.0472951854073033,TRUE,"investigate"
"europe/swit285.rwl","GRA39088",1985,1992,8,8,0,1.62,0.81,2.24,2.45061092439581,0.81,1992,324,68,36,0.111111111111111,8,0.0575473006637025,TRUE,"investigate"
"northamerica/usa/mt170.rwl","POW57A",2006,2013,8,8,0,2.855,1.52,3.55,2.62619315660926,1.52,2012,408,72,13,0.0318627450980392,8,0.065167977213876,TRUE,"investigate"
"europe/nor034.rwl","ENS0325B",2006,2013,8,8,0,0.66,0.46,0.96,1.28213141419141,0.96,2011,104,97.5,6,0.0576923076923077,8,0.0719132195429684,TRUE,"investigate"
"europe/nor033.rwl","ENL0138A",2004,2011,8,8,0,1.25,0.44,2.11,1.69154638129366,0.44,2011,101,71,5,0.0495049504950495,8,0.0873718548787704,TRUE,"investigate"
"europe/nor034.rwl","ENS0324A",2004,2013,10,10,0,0.505,0.3,0.68,1.18515730596569,0.3,2012,104,97.5,6,0.0576923076923077,10,0.0913771642421338,TRUE,"investigate"
"europe/finl081.rwl","ELH0292b",2003,2011,9,9,0,0.35,0.25,0.61,1.63736429785987,0.61,2003,101,98,2,0.0198019801980198,9,0.0916721409207738,TRUE,"investigate"
"europe/finl083.rwl","ELI0235b",2004,2011,8,8,0,0.655,0.56,0.76,1.11883812879548,0.56,2007,170,93.5,2,0.0117647058823529,8,0.0951740478127533,TRUE,"investigate"
"europe/finl095.rwl","ELS0221a",2003,2011,9,9,0,0.75,0.47,1.07,1.98743291057548,0.47,2011,93,102,4,0.043010752688172,9,0.096597155694832,TRUE,"investigate"
"northamerica/usa/mt170.rwl","POW10B",2006,2013,8,8,0,1.83,0.54,4.13,1.78430551954247,0.54,2013,408,72,13,0.0318627450980392,8,0.099595994938107,TRUE,"investigate"
"europe/norw025.rwl","ENN0104A",2008,2013,6,6,0,2.195,1.62,3.22,1.04371840881447,3.22,2013,93,56,10,0.10752688172043,6,0.101684455942981,TRUE,"investigate"
"europe/fin100.rwl","ELU0111A",2005,2013,9,9,0,0.52,0.17,1.17,1.65563484521808,0.17,2011,95,69,2,0.0210526315789474,9,0.121965269742977,TRUE,"investigate"
"europe/nor033.rwl","ENL0124B",2001,2009,9,9,0,1.29,0.5,1.74,3.79471703251342,0.5,2001,101,71,5,0.0495049504950495,9,0.126699965257502,TRUE,"investigate"
"northamerica/usa/mt170.rwl","POW160",2005,2013,9,9,0,1.63,1.28,3.32,1.98503465912467,3.32,2009,408,72,13,0.0318627450980392,9,0.139098456486108,TRUE,"investigate"
"asia/tha023.rwl","ax087B",1969,1976,8,8,0,8.815,4.22,11.97,3.75674225900434,4.22,1976,138,48.5,1,0.0072463768115942,8,0.139303718689017,TRUE,"investigate"
"europe/swit285.rwl","GRA39086",1985,1992,8,8,0,1.715,0.91,2.11,4.00206905770429,0.91,1992,324,68,36,0.111111111111111,8,0.147068068506229,TRUE,"investigate"
"europe/che615.rwl","RCS0644a",2003,2011,9,9,0,1,0.39,1.89,3.33178607197398,0.39,2004,112,79.5,2,0.0178571428571429,9,0.147731213805705,TRUE,"investigate"
"europe/finl080.rwl","ELH0148b",2004,2011,8,8,0,0.625,0.32,0.84,2.63513256979356,0.32,2007,99,69,2,0.0202020202020202,8,0.15713569080604,TRUE,"investigate"
"europe/nor035.rwl","ENS0451B",2004,2013,10,10,0,0.495,0.25,0.66,2.91276468159912,0.25,2013,101,153,10,0.099009900990099,10,0.164537074043551,TRUE,"investigate"
"europe/swe355.rwl","ESO0204b",2006,2013,8,8,0,0.505,0.35,0.65,1.35722555346438,0.35,2013,95,51,6,0.0631578947368421,8,0.173271446199308,TRUE,"investigate"
"europe/swed331.rwl","119542a",2001,2006,6,6,0,1.04,0.88,1.56,1.77332064264181,1.56,2006,86,43,6,0.0697674418604651,6,0.181165233178408,TRUE,"investigate"
"europe/swe355.rwl","ESO0210b",2005,2013,9,9,0,0.54,0.31,0.92,1.13953000634518,0.31,2006,95,51,6,0.0631578947368421,9,0.183101193842938,TRUE,"investigate"
"europe/finl087.rwl","ELK0442a",2007,2011,5,5,0,1.39,0.54,1.49,9.17953663923317,0.54,2007,87,30,4,0.0459770114942529,5,0.184959882830564,TRUE,"investigate"
"europe/nor035.rwl","ENS0451A",2004,2013,10,10,0,0.48,0.27,0.67,1.51709466913414,0.27,2007,101,153,10,0.099009900990099,10,0.188979301610122,TRUE,"investigate"
"europe/nor033.rwl","ENL0138B",2004,2011,8,8,0,1.29,0.68,1.94,1.26322044095046,0.68,2011,101,71,5,0.0495049504950495,8,0.19329396288731,TRUE,"investigate"
"europe/finl095.rwl","ELS0222a",2002,2011,10,10,0,0.505,0.19,0.97,1.18435218016748,0.19,2010,93,102,4,0.043010752688172,10,0.208938938841736,TRUE,"investigate"
"europe/swit290.rwl","LAS14084",1985,1992,8,8,0,3.565,2.41,4.75,1.36985263641137,2.41,1986,303,53,24,0.0792079207920792,8,0.21736524880292,TRUE,"investigate"
"europe/nor035.rwl","ENS0434B",2007,2013,7,7,0,0.94,0.58,1.36,30.7763838051307,0.58,2008,101,153,10,0.099009900990099,7,0.236446601239744,TRUE,"investigate"
"europe/norw026.rwl","ENN0245B",2005,2013,9,9,0,0.86,0.52,1.32,2.24991521377556,0.52,2006,71,61,2,0.028169014084507,9,0.237071257840789,TRUE,"investigate"
"europe/swe354.rwl","ESO0137b",2004,2013,10,10,0,0.515,0.32,0.87,1.5383559500043,0.87,2004,98,68,8,0.0816326530612245,10,0.247419083518902,TRUE,"investigate"
"europe/swed332.rwl","120040b",1999,2006,8,8,0,1.965,1.42,2.08,5.87430386610941,1.42,1999,96,55.5,2,0.0208333333333333,8,0.253299971707291,TRUE,"investigate"
"europe/che615.rwl","RCS0644b",2003,2011,9,9,0,1.21,0.4,2.16,2.73366521468589,0.4,2004,112,79.5,2,0.0178571428571429,9,0.256922075296925,TRUE,"investigate"
"europe/nor037.rwl","ENT0257a",2007,2013,7,7,0,0.63,0.42,0.8,1.20842512960522,0.42,2012,118,48,8,0.0677966101694915,7,0.261786421910773,TRUE,"investigate"
"europe/norw026.rwl","ENN0245A",2005,2013,9,9,0,0.78,0.47,1.3,1.65935377090948,1.3,2011,71,61,2,0.028169014084507,9,0.266043062085731,TRUE,"investigate"
"europe/swit285.rwl","GRA14126",1988,1993,6,6,0,1.54,0.91,2.1,2.36480840835871,0.91,1990,324,68,36,0.111111111111111,6,0.266901674050201,TRUE,"investigate"
"northamerica/usa/ca673.rwl","2_17A",2002,2008,7,7,0,4.399,2.495,5.427,2.74592137098015,2.495,2002,27,102,1,0.037037037037037,7,0.269081101460704,TRUE,"investigate"
"europe/swit290.rwl","LAS14082",1985,1992,8,8,0,3.29,2.87,5.12,2.46553728077892,5.12,1989,303,53,24,0.0792079207920792,8,0.279677641122966,TRUE,"investigate"
"europe/finl081.rwl","ELH0292a",2003,2011,9,9,0,0.34,0.24,0.59,2.28751038446062,0.59,2006,101,98,2,0.0198019801980198,9,0.289194098194998,TRUE,"investigate"
"europe/swed332.rwl","120040a",1997,2006,10,10,0,1.885,0.86,2.36,3.85297313301472,0.86,1997,96,55.5,2,0.0208333333333333,10,0.290689842941133,TRUE,"investigate"
"northamerica/usa/mt170.rwl","POW174",2005,2013,9,9,0,2.81,1.86,4.03,1.25117266485901,1.86,2007,408,72,13,0.0318627450980392,9,0.295931430738377,TRUE,"investigate"
"africa/eth002.rwl","M18C",1982,1991,10,10,0,3.31,1.96,4.39,2.17227432683536,1.96,1991,35,65,1,0.0285714285714286,10,0.296234212823875,TRUE,"investigate"
"europe/nor034.rwl","ENS0324B",2004,2013,10,10,0,0.57,0.33,0.84,2.60259140158947,0.33,2013,104,97.5,6,0.0576923076923077,10,0.297479955253761,TRUE,"investigate"
"northamerica/usa/mt170.rwl","POW10A",2006,2013,8,8,0,2.06,0.58,3.69,3.37650814663546,0.58,2013,408,72,13,0.0318627450980392,8,0.30010702207525,TRUE,"likely a real short core"
"europe/swit285.rwl","GRA14124",1988,1993,6,6,0,1.81,1.21,2.12,1.83322757613229,1.21,1990,324,68,36,0.111111111111111,6,0.307526057584767,TRUE,"likely a real short core"
"northamerica/mexico/mex147.rwl","PLM111",2009,2018,10,10,0,6,4.89,11.63,6.63163132856025,11.63,2012,157,57,1,0.00636942675159236,10,0.313672952427339,TRUE,"likely a real short core"
"europe/swit285.rwl","GRA09092",1986,1993,8,8,0,1.505,1.34,1.85,1.8789747210174,1.85,1990,324,68,36,0.111111111111111,8,0.315482137089192,TRUE,"likely a real short core"
"europe/swe355.rwl","ESO0204a",2006,2013,8,8,0,0.555,0.36,0.69,3.09596097435172,0.36,2007,95,51,6,0.0631578947368421,8,0.316525859403399,TRUE,"likely a real short core"
"europe/swit277.rwl","BRE89094",1988,1993,6,6,0,2.07,1.29,2.84,1.69066727981217,1.29,1992,294,55,45,0.153061224489796,6,0.331260014894299,TRUE,"likely a real short core"
"europe/swit290.rwl","LAS01084",1987,1992,6,6,0,2.27,1.51,2.63,6.28905781352978,1.51,1992,303,53,24,0.0792079207920792,6,0.334853917890408,TRUE,"likely a real short core"
"europe/fra064.rwl","HFB0128B",2009,2017,9,9,0,1.97,0.01,3.22,10.6549192622057,0.01,2017,98,415.5,2,0.0204081632653061,9,0.34523816222837,TRUE,"likely a real short core"
"europe/swit277.rwl","BRE50108",1984,1993,10,10,0,2.35,1.33,4.2,2.50434018835625,4.2,1986,294,55,45,0.153061224489796,10,0.349075975036549,TRUE,"likely a real short core"
"europe/nor035.rwl","ENS0409B",2004,2013,10,10,0,0.765,0.46,1.03,1.46198322426938,0.46,2004,101,153,10,0.099009900990099,10,0.350581334989043,TRUE,"likely a real short core"
"europe/germ236.rwl","EDL0130a",2002,2009,8,8,0,3.5,1.8,5.5,3.02857226899281,1.8,2003,42,49.5,2,0.0476190476190476,8,0.350963723295026,TRUE,"likely a real short core"
"europe/finl079.rwl","ELA0225a",2002,2011,10,10,0,1.05,0.64,1.43,3.46177403315044,0.64,2003,80,200,2,0.025,10,0.362714467879838,TRUE,"likely a real short core"
"northamerica/usa/mt165.rwl","LY113A",2004,2012,9,9,0,7.06,4.52,15.05,1.47980785191532,15.05,2004,393,75,7,0.0178117048346056,9,0.373996598200619,TRUE,"likely a real short core"
"europe/swit285.rwl","GRA17118",1987,1993,7,7,0,1.8,1.5,2.79,1.62130527188389,2.79,1993,324,68,36,0.111111111111111,7,0.380252274960416,TRUE,"likely a real short core"
"northamerica/usa/nd013.rwl","P083A",2003,2010,8,8,0,4.935,3.21,11.77,2.06812920121389,11.77,2009,649,110,7,0.0107858243451464,8,0.381546140810523,TRUE,"likely a real short core"
"europe/swit277.rwl","BRE15106",1986,1993,8,8,0,1.395,0.9,2.98,2.93559120800627,2.98,1989,294,55,45,0.153061224489796,8,0.382602327016976,TRUE,"likely a real short core"
"northamerica/canada/cana609.rwl","01_53W",2009,2018,10,10,0,1.585,0.76,2.62,2.68364872135822,0.76,2018,222,78,2,0.00900900900900901,10,0.384652686147729,TRUE,"likely a real short core"
"northamerica/usa/mo058.rwl","111052",1940,1949,10,10,0,1.7,1.3,2.52,1.30356253331124,2.52,1942,96,67,1,0.0104166666666667,10,0.391430146086502,TRUE,"likely a real short core"
"europe/fra064.rwl","HFB0128A",2009,2017,9,9,0,1.83,0.31,3.35,3.99316076664195,0.31,2017,98,415.5,2,0.0204081632653061,9,0.39335805421464,TRUE,"likely a real short core"
"europe/finl094.rwl","ELS0147b",2007,2011,5,5,0,1.06,0.61,1.13,5.82810906599624,0.61,2007,98,39,6,0.0612244897959184,5,0.393978219054314,TRUE,"likely a real short core"
"asia/russ238n.rwl","11590272",1993,2000,8,8,0,0.65,0.61,0.77,4.8878943367244,0.77,1993,56,50.5,5,0.0892857142857143,8,0.40064034425533,TRUE,"likely a real short core"
"europe/swit277.rwl","BRE89072",1984,1993,10,10,0,4.97,2.76,5.79,3.12211640768214,2.76,1985,294,55,45,0.153061224489796,10,0.411168848951226,TRUE,"likely a real short core"
"europe/swit290.rwl","LAS14086",1985,1992,8,8,0,3.6,2.22,5.6,2.2029389680449,2.22,1986,303,53,24,0.0792079207920792,8,0.420792099260369,TRUE,"likely a real short core"
"europe/swit285.rwl","GRA35072",1987,1993,7,7,0,3.87,3.5,4.58,1.57097916749665,4.58,1991,324,68,36,0.111111111111111,7,0.421832795058623,TRUE,"likely a real short core"
"europe/swit290.rwl","LAS04092",1988,1992,5,5,0,2.26,1.56,3.79,1.30484992230746,3.79,1989,303,53,24,0.0792079207920792,5,0.424302016137598,TRUE,"likely a real short core"
"northamerica/usa/nd013.rwl","P023B",2006,2010,5,5,0,5.15,1.26,6.7,4.07896537128091,1.26,2006,649,110,7,0.0107858243451464,5,0.425533813097141,TRUE,"likely a real short core"
"europe/nor042.rwl","HNP0231A",2007,2014,8,8,0,2.31,1.97,3.19,2.13696139531318,3.19,2009,87,84,2,0.0229885057471264,8,0.42816338103832,TRUE,"likely a real short core"
"europe/swit285.rwl","GRA17116",1987,1993,7,7,0,2.03,1.35,2.66,1.92784473415216,1.35,1987,324,68,36,0.111111111111111,7,0.433603964064459,TRUE,"likely a real short core"
"europe/finl095.rwl","ELS0221b",2003,2011,9,9,0,0.69,0.46,0.92,3.00623417617135,0.46,2011,93,102,4,0.043010752688172,9,0.437680525255676,TRUE,"likely a real short core"
"europe/swit277.rwl","BRE89074",1984,1993,10,10,0,4.3,2.59,5.1,2.33418643685302,2.59,1992,294,55,45,0.153061224489796,10,0.444755523335129,TRUE,"likely a real short core"
"asia/tha025.rwl","ma057A",1966,1971,6,6,0,9.965,3.83,12.99,5.64544893248352,3.83,1971,256,30,4,0.015625,6,0.450680069258934,TRUE,"likely a real short core"
"europe/swit290.rwl","LAS01092",1988,1992,5,5,0,2.3,1.44,2.43,5.74443134353803,1.44,1992,303,53,24,0.0792079207920792,5,0.456091228288025,TRUE,"likely a real short core"
"europe/swit277.rwl","BRE50104",1984,1993,10,10,0,2.88,1.71,4.14,2.37502700101576,1.71,1992,294,55,45,0.153061224489796,10,0.471729011939187,TRUE,"likely a real short core"
"europe/swed331.rwl","119543b",1999,2006,8,8,0,1.33,0.9,1.49,2.41312943984536,0.9,2000,86,43,6,0.0697674418604651,8,0.472209572934474,TRUE,"likely a real short core"
"europe/nor035.rwl","ENS0409A",2004,2013,10,10,0,0.9,0.41,1.05,4.74374011589931,0.41,2004,101,153,10,0.099009900990099,10,0.475037411852007,TRUE,"likely a real short core"
"europe/swit277.rwl","BRE89078",1984,1993,10,10,0,4.81,2.51,5.78,2.57106648039532,2.51,1992,294,55,45,0.153061224489796,10,0.484908833154082,TRUE,"likely a real short core"
"europe/germ233.rwl","EDH0330z",2000,2009,10,10,0,3.51,2.23,6.12,3.46131535961784,6.12,2001,45,108,3,0.0666666666666667,10,0.489507785218881,TRUE,"likely a real short core"
"europe/swit290.rwl","LAS01086",1987,1992,6,6,0,2.405,1.31,2.84,4.24471304595837,1.31,1992,303,53,24,0.0792079207920792,6,0.490289276428279,TRUE,"likely a real short core"
"northamerica/usa/mt170.rwl","POW175",2005,2013,9,9,0,2.9,1.8,4.55,2.74902252241495,1.8,2006,408,72,13,0.0318627450980392,9,0.492532463405545,TRUE,"likely a real short core"
"europe/fin098.rwl","ELK0111b",2006,2011,6,6,0,0.52,0.34,1.13,3.09051752840122,1.13,2010,76,76,10,0.131578947368421,6,0.495887623171446,TRUE,"likely a real short core"
"europe/norw022.rwl","ENF0221B",2007,2014,8,8,0,0.565,0.26,1.3,1.8675181991126,1.3,2007,72,54,2,0.0277777777777778,8,0.49709902646771,TRUE,"likely a real short core"
"europe/norw025.rwl","ENN0113A",2009,2013,5,5,0,1.84,1.75,2.26,2.76521209995698,2.26,2013,93,56,10,0.10752688172043,5,0.500940860796079,TRUE,"likely a real short core"
"europe/nor042.rwl","HNP0231B",2007,2014,8,8,0,2.45,1.85,3.27,2.09459592782462,3.27,2009,87,84,2,0.0229885057471264,8,0.50728060204119,TRUE,"likely a real short core"
"europe/norw025.rwl","ENN0145B",2009,2013,5,5,0,1.02,0.55,1.22,2.70250006211024,0.55,2010,93,56,10,0.10752688172043,5,0.50805997633414,TRUE,"likely a real short core"
"europe/finl095.rwl","ELS0222b",2002,2011,10,10,0,0.51,0.2,1.2,1.23349660669342,0.2,2010,93,102,4,0.043010752688172,10,0.512298427337308,TRUE,"likely a real short core"
"europe/che614.rwl","RCS0515b",2002,2010,9,9,0,1.15,0.8,2.3,3.58899680629741,2.3,2009,53,73,2,0.0377358490566038,9,0.512611758572606,TRUE,"likely a real short core"
"europe/swit285.rwl","GRA17114",1987,1993,7,7,0,2.27,1.53,2.98,1.06951148955719,1.53,1987,324,68,36,0.111111111111111,7,0.51359097626454,TRUE,"likely a real short core"
"europe/norw025.rwl","ENN0109B",2009,2013,5,5,0,1.44,1.29,1.81,1.40221644166511,1.81,2011,93,56,10,0.10752688172043,5,0.520180612512599,TRUE,"likely a real short core"
"europe/norw025.rwl","ENN0120A",2009,2013,5,5,0,1.19,0.95,1.55,3.62407233193627,1.55,2009,93,56,10,0.10752688172043,5,0.522806537200099,TRUE,"likely a real short core"
"asia/russ238n.rwl","11590271",1993,2000,8,8,0,0.64,0.6,0.76,2.91757739854753,0.76,1993,56,50.5,5,0.0892857142857143,8,0.52676499248115,TRUE,"likely a real short core"
"europe/fin098.rwl","ELK0128a",2002,2011,10,10,0,0.93,0.78,1.22,2.20493464216902,1.22,2004,76,76,10,0.131578947368421,10,0.53371739372135,TRUE,"likely a real short core"
"asia/russ237x.rwl","11441112",1993,2000,8,8,0,2.745,1.81,5.65,1.79287476702338,5.65,1993,100,54,1,0.01,8,0.534224273148681,TRUE,"likely a real short core"
"europe/swe354.rwl","ESO0133a",2004,2013,10,10,0,0.565,0.37,0.75,2.31134563249339,0.37,2007,98,68,8,0.0816326530612245,10,0.538124165535481,TRUE,"likely a real short core"
"northamerica/usa/mt170.rwl","POW46A",2006,2013,8,8,0,2.1,0.67,3.19,2.10385514773723,0.67,2013,408,72,13,0.0318627450980392,8,0.539972461131446,TRUE,"likely a real short core"
"northamerica/canada/cana609.rwl","01_53E",2009,2018,10,10,0,1.585,0.62,2.27,3.08347422550793,0.62,2009,222,78,2,0.00900900900900901,10,0.556182446606448,TRUE,"likely a real short core"
"asia/russ237.rwl","11441112",1993,2000,8,8,0,0.475,0.3,0.76,1.2719064465548,0.76,1993,101,54,1,0.0099009900990099,8,0.559764535141601,TRUE,"likely a real short core"
"europe/fin098.rwl","ELK0116b",2003,2011,9,9,0,0.41,0.33,0.61,1.3503407584743,0.61,2005,76,76,10,0.131578947368421,9,0.560436065104332,TRUE,"likely a real short core"
"europe/swit285.rwl","GRA35078",1987,1993,7,7,0,3.75,3.52,4.65,2.51766217920422,4.65,1993,324,68,36,0.111111111111111,7,0.560470891055066,TRUE,"likely a real short core"
"europe/swit277.rwl","BRE50106",1984,1993,10,10,0,2.755,1.51,4.1,3.35466379075066,1.51,1992,294,55,45,0.153061224489796,10,0.562228252652154,TRUE,"likely a real short core"
"europe/swed341.rwl","ESJ0224B",2005,2013,9,9,0,0.56,0.38,0.78,1.25287777881714,0.38,2005,126,89,4,0.0317460317460317,9,0.563842140283593,TRUE,"likely a real short core"
"europe/swit290.rwl","LAS01094",1988,1992,5,5,0,1.74,1.53,2.66,2.2258387143607,2.66,1991,303,53,24,0.0792079207920792,5,0.576411601721005,TRUE,"likely a real short core"
"asia/russ238n.rwl","11590222",1991,2000,10,10,0,0.81,0.66,0.95,2.72298819365402,0.66,1996,56,50.5,5,0.0892857142857143,10,0.587218008376813,TRUE,"likely a real short core"
"europe/swit290.rwl","LAS04098",1988,1992,5,5,0,2.26,1.11,3.48,6.13250106526374,1.11,1992,303,53,24,0.0792079207920792,5,0.591670490576218,TRUE,"likely a real short core"
"europe/swit277.rwl","BRE89076",1984,1993,10,10,0,4.22,3.31,5.55,1.62104116199668,5.55,1989,294,55,45,0.153061224489796,10,0.592199783670968,TRUE,"likely a real short core"
"europe/norw022.rwl","ENF0221A",2007,2014,8,8,0,0.495,0.29,1.16,1.70685403397043,1.16,2007,72,54,2,0.0277777777777778,8,0.601180090125029,TRUE,"likely a real short core"
"europe/swit285.rwl","GRA14122",1988,1993,6,6,0,1.77,0.92,2.5,2.90378763053459,0.92,1990,324,68,36,0.111111111111111,6,0.605901306018292,TRUE,"likely a real short core"
"northamerica/canada/cana652.rwl","L15137",1355,1363,9,9,0,0.657,0.52,0.726,2.23691264934467,0.52,1358,164,83,1,0.00609756097560976,9,0.608436073491139,TRUE,"likely a real short core"
"europe/che614.rwl","RCS0515a",2002,2010,9,9,0,1.64,1.14,2.74,1.373816088467,2.74,2009,53,73,2,0.0377358490566038,9,0.613167708812836,TRUE,"likely a real short core"
"europe/fra061.rwl","HFA0226B",2008,2017,10,10,0,0.91,0.43,1.19,2.63961157820976,0.43,2017,170,219,2,0.0117647058823529,10,0.614924419379158,TRUE,"likely a real short core"
"europe/nor035.rwl","ENS0421B",2007,2013,7,7,0,0.99,0.61,1.45,0.923592935402757,0.61,2008,101,153,10,0.099009900990099,7,0.616960290422389,TRUE,"likely a real short core"
"europe/finl094.rwl","ELS0147a",2007,2011,5,5,0,1.07,0.64,1.09,18.7186546710023,0.64,2007,98,39,6,0.0612244897959184,5,0.618960851328986,TRUE,"likely a real short core"
"northamerica/usa/ak154.rwl","60115g4",1953,1957,5,5,0,0.911,0.799,1.001,1.34503661495302,0.799,1957,339,97,3,0.00884955752212389,5,0.622125010846319,TRUE,"likely a real short core"
"europe/swit277.rwl","BRE15104",1986,1993,8,8,0,1.535,1.05,2.5,1.59943999565071,2.5,1989,294,55,45,0.153061224489796,8,0.622335777957311,TRUE,"likely a real short core"
"europe/swit277.rwl","BRE90112",1988,1993,6,6,0,2.205,1.33,3.55,0.89805963395324,1.33,1990,294,55,45,0.153061224489796,6,0.637267709209791,TRUE,"likely a real short core"
"europe/swit277.rwl","BRE50102",1984,1993,10,10,0,2.595,1.3,4,3.18184986740738,1.3,1992,294,55,45,0.153061224489796,10,0.639034424881298,TRUE,"likely a real short core"
"europe/swe354.rwl","ESO0133b",2004,2013,10,10,0,0.525,0.22,0.66,5.57902546399156,0.22,2007,98,68,8,0.0816326530612245,10,0.639160109580775,TRUE,"likely a real short core"
"europe/swe357.rwl","ESP0252a",2007,2013,7,7,0,1.04,0.63,1.54,0.996689227998944,0.63,2007,104,100,2,0.0192307692307692,7,0.641408287882975,TRUE,"likely a real short core"
"europe/germ236.rwl","EDL0130b",2002,2009,8,8,0,4.2,2.4,7.2,1.08689782279937,2.4,2003,42,49.5,2,0.0476190476190476,8,0.641877535913,TRUE,"likely a real short core"
"northamerica/canada/cana650.rwl","L20Z17",2008,2016,9,9,0,0.704,0.672,0.779,2.15065553527984,0.779,2008,438,72,1,0.00228310502283105,9,0.645620326107302,TRUE,"likely a real short core"
"europe/swit277.rwl","BRE20162",1988,1993,6,6,0,1.73,0.79,2.89,2.22629944169869,0.79,1992,294,55,45,0.153061224489796,6,0.64610637339257,TRUE,"likely a real short core"
"northamerica/usa/nd013.rwl","P023A",2006,2010,5,5,0,4.59,1.13,6.89,2.79170965198598,1.13,2006,649,110,7,0.0107858243451464,5,0.650096743547422,TRUE,"likely a real short core"
"asia/russ238x.rwl","11590222",1991,2000,10,10,0,3.02,1.26,6.49,1.61004264556788,1.26,1991,56,50.5,5,0.0892857142857143,10,0.653576671145467,TRUE,"likely a real short core"
"europe/swed331.rwl","119540a",1999,2006,8,8,0,2.34,1.34,2.69,3.27458408309622,1.34,2000,86,43,6,0.0697674418604651,8,0.653599581496582,TRUE,"likely a real short core"
"europe/nor036.rwl","ENT0131b",2009,2013,5,5,0,0.75,0.37,1.26,0.918621381890457,0.37,2009,104,53.5,2,0.0192307692307692,5,0.656588806828497,TRUE,"likely a real short core"
"europe/germ233.rwl","EDH0311A",2005,2009,5,5,0,4.1,3.55,5.77,1.61232896992704,5.77,2009,45,108,3,0.0666666666666667,5,0.656694208396066,TRUE,"likely a real short core"
"europe/swit285.rwl","GRA14128",1988,1993,6,6,0,1.82,1.41,2.39,1.21958497637731,2.39,1993,324,68,36,0.111111111111111,6,0.662265758846238,TRUE,"likely a real short core"
"europe/swed341.rwl","ESJ0244B",2004,2013,10,10,0,0.565,0.33,0.82,2.2969834753327,0.33,2005,126,89,4,0.0317460317460317,10,0.66311886396784,TRUE,"likely a real short core"
"europe/fin098.rwl","ELK0128b",2002,2011,10,10,0,0.63,0.48,0.93,1.97890042240585,0.93,2004,76,76,10,0.131578947368421,10,0.663337000075215,TRUE,"likely a real short core"
"europe/swit277.rwl","BRE90114",1988,1993,6,6,0,2.345,1.25,3.5,1.26534203885516,1.25,1990,294,55,45,0.153061224489796,6,0.66528955185258,TRUE,"likely a real short core"
"europe/swit290.rwl","LAS01088",1987,1992,6,6,0,2.73,1.38,3.18,5.80223351143796,1.38,1992,303,53,24,0.0792079207920792,6,0.66666193245901,TRUE,"likely a real short core"
"northamerica/usa/nd013.rwl","P066A",2003,2010,8,8,0,3.625,1.88,4.95,3.53779036348472,1.88,2008,649,110,7,0.0107858243451464,8,0.669072885098885,TRUE,"likely a real short core"
"asia/japa017.rwl","YKA23b32",1795,1801,7,7,0,2.5,2.12,4.04,2.21452286368967,4.04,1800,99,126,2,0.0202020202020202,7,0.678307531464363,TRUE,"likely a real short core"
"europe/swit277.rwl","BRE89086",1986,1993,8,8,0,4.205,1.6,5.19,4.00459205717458,1.6,1987,294,55,45,0.153061224489796,8,0.678723365544409,TRUE,"likely a real short core"
"europe/swed331.rwl","119542b",2001,2006,6,6,0,1.26,0.97,1.62,2.74461366949056,0.97,2001,86,43,6,0.0697674418604651,6,0.682632479932037,TRUE,"likely a real short core"
"asia/russ238x.rwl","11590272",1993,2000,8,8,0,2.215,1.17,4.22,1.1473992383908,4.22,1996,56,50.5,5,0.0892857142857143,8,0.686687263871694,TRUE,"likely a real short core"
"europe/germ231.rwl","EDH0114a",2002,2009,8,8,0,2.835,2.39,3.86,1.53707868378329,3.86,2007,24,79.5,1,0.0416666666666667,8,0.693705274283512,TRUE,"likely a real short core"
"europe/swit285.rwl","GRA38078",1985,1993,9,9,0,3.35,3.13,4.68,3.31983746395498,4.68,1993,324,68,36,0.111111111111111,9,0.695292858691695,TRUE,"likely a real short core"
"europe/swed332x.rwl","120040b",1999,2006,8,8,0,0.625,0.52,0.8,1.62618413929727,0.8,2006,96,55.5,2,0.0208333333333333,8,0.69739839358843,TRUE,"likely a real short core"
"europe/swe357.rwl","ESP0252b",2007,2013,7,7,0,1.06,0.62,1.58,1.15460820183961,0.62,2012,104,100,2,0.0192307692307692,7,0.700257531195266,TRUE,"likely a real short core"
"asia/russ238.rwl","11590222",1991,2000,10,10,0,0.505,0.16,1.31,2.11239454168903,0.16,1991,56,50.5,5,0.0892857142857143,10,0.701064785764636,TRUE,"likely a real short core"
"europe/swit277.rwl","BRE89084",1986,1993,8,8,0,4.12,1.68,5.03,4.44710630409451,1.68,1987,294,55,45,0.153061224489796,8,0.709433853398299,TRUE,"likely a real short core"
"northamerica/usa/fl017l.rwl","BRSF041C",2013,2017,5,5,0,0.31,0.19,1.01,1.6273442813025,1.01,2016,60,71,1,0.0166666666666667,5,0.711501949737326,TRUE,"likely a real short core"
"europe/norw025.rwl","ENN0104B",2008,2013,6,6,0,2.67,1.87,3.75,0.958487278027463,3.75,2013,93,56,10,0.10752688172043,6,0.715533841950997,TRUE,"likely a real short core"
"europe/nor034.rwl","ENS0353B",2004,2013,10,10,0,0.595,0.34,0.75,2.03441569462969,0.34,2004,104,97.5,6,0.0576923076923077,10,0.716635059583753,TRUE,"likely a real short core"
"northamerica/usa/mt170.rwl","POW46B",2006,2013,8,8,0,1.93,0.77,3.46,1.69057787918751,0.77,2013,408,72,13,0.0318627450980392,8,0.719353788339437,TRUE,"likely a real short core"
"asia/russ238x.rwl","11590221",1991,2000,10,10,0,3.425,1.47,5.55,2.84848084264377,1.47,1991,56,50.5,5,0.0892857142857143,10,0.719821974975552,TRUE,"likely a real short core"
"europe/swit290.rwl","LAS01098",1988,1992,5,5,0,2.23,1.27,2.58,2.60466193122963,1.27,1992,303,53,24,0.0792079207920792,5,0.720944279945315,TRUE,"likely a real short core"
"europe/fin098.rwl","ELK0115a",2003,2011,9,9,0,0.65,0.43,0.8,1.42874031118891,0.43,2007,76,76,10,0.131578947368421,9,0.730556424702598,TRUE,"likely a real short core"
"europe/swit290.rwl","LAS14088",1985,1992,8,8,0,3.45,2.31,4.9,1.79574871250709,2.31,1992,303,53,24,0.0792079207920792,8,0.73195759747267,TRUE,"likely a real short core"
"europe/esp088.rwl","EPB02A1",1927,1936,10,10,0,3.8635,2.622,7.489,3.29717686040893,7.489,1935,46,84.5,1,0.0217391304347826,10,0.732886171911823,TRUE,"likely a real short core"
"europe/ital048.rwl","PINI62",1954,1961,8,8,0,4.61,1.77,8.79,1.39245962036557,1.77,1957,76,62,1,0.0131578947368421,8,0.733629167512993,TRUE,"likely a real short core"
"europe/swit277.rwl","BRE20166",1988,1993,6,6,0,1.945,0.95,2.86,1.52266590803425,0.95,1992,294,55,45,0.153061224489796,6,0.734011816467999,TRUE,"likely a real short core"
"europe/swed341.rwl","ESJ0224A",2005,2013,9,9,0,0.62,0.38,0.71,3.57457925976147,0.38,2013,126,89,4,0.0317460317460317,9,0.734272548088731,TRUE,"likely a real short core"
"europe/finl094.rwl","ELS0138a",2005,2011,7,7,0,0.74,0.23,2.16,6.21837989903978,0.23,2008,98,39,6,0.0612244897959184,7,0.736177738647221,TRUE,"likely a real short core"
"europe/swit277.rwl","BRE90106",1987,1993,7,7,0,3.29,1.23,5.73,1.66781043127387,1.23,1992,294,55,45,0.153061224489796,7,0.738961292465271,TRUE,"likely a real short core"
"europe/swit277.rwl","BRE20164",1988,1993,6,6,0,1.635,1.13,2.67,1.38677591477851,2.67,1993,294,55,45,0.153061224489796,6,0.739160908933026,TRUE,"likely a real short core"
"europe/finl094.rwl","ELS0138b",2005,2011,7,7,0,0.76,0.32,1.87,3.23720304483183,1.87,2011,98,39,6,0.0612244897959184,7,0.739495254882639,TRUE,"likely a real short core"
"northamerica/mexico/mex127.rwl","NOH010",2010,2014,5,5,0,0.41,0.28,0.61,0.857868463573235,0.61,2014,40,57,1,0.025,5,0.741905163136306,TRUE,"likely a real short core"
"asia/russ238x.rwl","11590291",1992,2000,9,9,0,1.02,0.68,2.76,2.91252979036009,2.76,1996,56,50.5,5,0.0892857142857143,9,0.743418104531192,TRUE,"likely a real short core"
"europe/nor037.rwl","ENT0243a",2005,2013,9,9,0,0.93,0.47,1.55,1.37431905667066,0.47,2005,118,48,8,0.0677966101694915,9,0.749920601914619,TRUE,"likely a real short core"
"europe/fin098.rwl","ELK0109b",2007,2011,5,5,0,0.44,0.3,0.59,1.28730672160647,0.3,2009,76,76,10,0.131578947368421,5,0.75246447016348,TRUE,"likely a real short core"
"asia/russ238.rwl","11590221",1991,2000,10,10,0,0.545,0.2,1.19,3.0786798332369,0.2,1991,56,50.5,5,0.0892857142857143,10,0.754987018692627,TRUE,"likely a real short core"
"europe/swed341.rwl","ESJ0244A",2004,2013,10,10,0,0.585,0.41,1,2.28407410722085,1,2009,126,89,4,0.0317460317460317,10,0.756890083280019,TRUE,"likely a real short core"
"europe/swit277.rwl","BRE90116",1988,1993,6,6,0,2.27,1.17,2.84,2.06404030026384,1.17,1992,294,55,45,0.153061224489796,6,0.762327712924411,TRUE,"likely a real short core"
"europe/nor035.rwl","ENS0421A",2007,2013,7,7,0,1.21,0.52,1.48,2.82809126875209,0.52,2007,101,153,10,0.099009900990099,7,0.766375804262956,TRUE,"likely a real short core"
"northamerica/usa/nd013.rwl","P066B",2003,2010,8,8,0,3.305,2.2,5.34,1.73428909078069,5.34,2010,649,110,7,0.0107858243451464,8,0.767839405125207,TRUE,"likely a real short core"
"northamerica/usa/fl017e.rwl","BRSF041C",2013,2017,5,5,0,0.5,0.35,0.99,1.29177145020105,0.99,2016,60,71,1,0.0166666666666667,5,0.769474486951339,TRUE,"likely a real short core"
"northamerica/usa/ma006.rwl","cfa3c",1672,1680,9,9,0,0.98,0.72,1.13,2.4418949039887,0.72,1672,6,100,1,0.166666666666667,9,0.770654188286165,TRUE,"likely a real short core"
"europe/swit285.rwl","GRA18118",1988,1993,6,6,0,1.515,0.92,2.14,1.4758040116738,0.92,1992,324,68,36,0.111111111111111,6,0.774804448288513,TRUE,"likely a real short core"
"europe/swit277.rwl","BRE90104",1987,1993,7,7,0,3.5,1.31,5.84,1.9820218140358,1.31,1992,294,55,45,0.153061224489796,7,0.77489391486271,TRUE,"likely a real short core"
"northamerica/usa/ak154.rwl","61894g3",1961,1970,10,10,0,2.129,1.851,2.76,2.1426773065729,2.76,1968,339,97,3,0.00884955752212389,10,0.776136794836228,TRUE,"likely a real short core"
"europe/swit285.rwl","GRA18116",1988,1993,6,6,0,1.3,0.82,1.92,2.61639275491504,0.82,1992,324,68,36,0.111111111111111,6,0.777431188940455,TRUE,"likely a real short core"
"europe/swit277.rwl","BRE89088",1986,1993,8,8,0,4.645,2.63,6.05,1.97214693552157,2.63,1987,294,55,45,0.153061224489796,8,0.785139296661523,TRUE,"likely a real short core"
"europe/nor037.rwl","ENT0243b",2005,2013,9,9,0,1.04,0.43,2.03,1.54308669140059,0.43,2005,118,48,8,0.0677966101694915,9,0.786929589181136,TRUE,"likely a real short core"
"europe/swit277.rwl","BRE89082",1986,1993,8,8,0,4.185,2.19,5.75,2.68378961731433,2.19,1987,294,55,45,0.153061224489796,8,0.78973826712512,TRUE,"likely a real short core"
"asia/russ238x.rwl","11590271",1993,2000,8,8,0,1.93,0.8,3.61,1.23839573422877,0.8,1999,56,50.5,5,0.0892857142857143,8,0.802739294639757,TRUE,"likely a real short core"
"europe/norw025.rwl","ENN0109A",2009,2013,5,5,0,1.94,1.22,2.13,3.34839378881534,1.22,2010,93,56,10,0.10752688172043,5,0.809139838478072,TRUE,"likely a real short core"
"europe/swe354.rwl","ESO0137a",2004,2013,10,10,0,0.585,0.46,0.84,1.55477478860594,0.84,2004,98,68,8,0.0816326530612245,10,0.809933744169118,TRUE,"likely a real short core"
"europe/fra061.rwl","HFA0226A",2008,2017,10,10,0,1,0.44,1.14,6.13235130286093,0.44,2017,170,219,2,0.0117647058823529,10,0.813907795234873,TRUE,"likely a real short core"
"asia/russ238.rwl","11590291",1992,2000,9,9,0,0.2,0.12,0.48,2.05259774626666,0.48,1996,56,50.5,5,0.0892857142857143,9,0.815546194693082,TRUE,"likely a real short core"
"europe/nor034.rwl","ENS0353A",2004,2013,10,10,0,0.57,0.39,0.77,1.47823478471962,0.39,2004,104,97.5,6,0.0576923076923077,10,0.81650249742485,TRUE,"likely a real short core"
"europe/germ233.rwl","EDH0311B",2005,2009,5,5,0,5.08,3.99,6.29,0.762476828776319,3.99,2005,45,108,3,0.0666666666666667,5,0.81697797752777,TRUE,"likely a real short core"
"europe/swit277.rwl","BRE90118",1988,1993,6,6,0,2.48,0.95,3.16,3.26405252608578,0.95,1992,294,55,45,0.153061224489796,6,0.817519640797566,TRUE,"likely a real short core"
"asia/russ238n.rwl","11590221",1991,2000,10,10,0,0.81,0.64,0.93,6.43362117729537,0.64,1996,56,50.5,5,0.0892857142857143,10,0.819800665482199,TRUE,"likely a real short core"
"europe/swit277.rwl","BRE90108",1987,1993,7,7,0,3.43,0.83,6.3,2.17720270616903,0.83,1992,294,55,45,0.153061224489796,7,0.820102383914963,TRUE,"likely a real short core"
"europe/swit277.rwl","BRE90102",1987,1993,7,7,0,3.98,1.31,6.44,2.26641146984406,1.31,1992,294,55,45,0.153061224489796,7,0.821861059480338,TRUE,"likely a real short core"
"northamerica/usa/fl017.rwl","BRSF041C",2013,2017,5,5,0,0.94,0.54,2.01,2.09920633687861,2.01,2016,60,71,1,0.0166666666666667,5,0.824172780692929,TRUE,"likely a real short core"
"europe/swit285.rwl","GRA18112",1988,1993,6,6,0,1.75,1,1.96,6.71163664781864,1,1992,324,68,36,0.111111111111111,6,0.824695017401457,TRUE,"likely a real short core"
"europe/swit277.rwl","BRE15102",1986,1993,8,8,0,1.62,1.02,2.64,1.31226526013461,2.64,1988,294,55,45,0.153061224489796,8,0.826557261486932,TRUE,"likely a real short core"
"asia/russ237n.rwl","11441112",1993,2000,8,8,0,0.78,0.66,0.88,2.49205442930149,0.66,1996,100,54,1,0.01,8,0.827471247657208,TRUE,"likely a real short core"
"europe/norw025.rwl","ENN0145A",2009,2013,5,5,0,1.19,0.46,1.23,19.3912483637246,0.46,2010,93,56,10,0.10752688172043,5,0.827732509831945,TRUE,"likely a real short core"
"northamerica/usa/fl015e.rwl","ANFS020C",2012,2017,6,6,0,0.785,0.7,0.93,2.17046112404107,0.93,2014,58,83.5,1,0.0172413793103448,6,0.8294244215031,TRUE,"likely a real short core"
"northamerica/canada/can721.rwl","10a",2015,2024,10,10,0,1.345,0.9,2.07,1.64520921173375,2.07,2024,46,115.5,1,0.0217391304347826,10,0.832399232443359,TRUE,"likely a real short core"
"europe/swit285.rwl","GRA17112",1987,1993,7,7,0,1.96,1.63,2.74,2.32559445270853,2.74,1993,324,68,36,0.111111111111111,7,0.835907001805111,TRUE,"likely a real short core"
"europe/finl087.rwl","ELK0442b",2007,2011,5,5,0,0.81,0.43,1.16,2.67908604530532,0.43,2007,87,30,4,0.0459770114942529,5,0.836175120893587,TRUE,"likely a real short core"
"europe/swit277.rwl","BRE84106",1985,1993,9,9,0,1.82,1.19,3.28,1.9996896175278,3.28,1989,294,55,45,0.153061224489796,9,0.836918447032107,TRUE,"likely a real short core"
"northamerica/usa/ak154.rwl","61894g4",1966,1970,5,5,0,1.435,1.199,1.615,1.73156714459456,1.199,1969,339,97,3,0.00884955752212389,5,0.838072918113625,TRUE,"likely a real short core"
"europe/swed331x.rwl","119540a",1999,2006,8,8,0,0.57,0.46,0.719,1.07108782579848,0.719,2006,86,43,6,0.0697674418604651,8,0.839190844099326,TRUE,"likely a real short core"
"europe/swit285.rwl","GRA38072",1985,1993,9,9,0,4.24,2.5,5.1,1.92939252352302,2.5,1992,324,68,36,0.111111111111111,9,0.84037909058033,TRUE,"likely a real short core"
"asia/russ238.rwl","11590272",1993,2000,8,8,0,0.455,0.25,0.95,2.2928392174356,0.95,1996,56,50.5,5,0.0892857142857143,8,0.84135530781422,TRUE,"likely a real short core"
"europe/swit285.rwl","GRA18114",1988,1993,6,6,0,1.535,1.02,2.24,1.2490011344015,1.02,1992,324,68,36,0.111111111111111,6,0.841376976732315,TRUE,"likely a real short core"
"europe/fin098.rwl","ELK0113a",2004,2011,8,8,0,0.515,0.44,0.81,2.26908600263295,0.81,2010,76,76,10,0.131578947368421,8,0.842578088388628,TRUE,"likely a real short core"
"europe/norw025.rwl","ENN0120B",2009,2013,5,5,0,1.15,0.86,1.67,1.11893164399617,1.67,2009,93,56,10,0.10752688172043,5,0.842894254327365,TRUE,"likely a real short core"
"europe/swit285.rwl","GRA38076",1985,1993,9,9,0,3.29,2.61,3.88,1.63333307793738,2.61,1992,324,68,36,0.111111111111111,9,0.844636724178824,TRUE,"likely a real short core"
"europe/swit277.rwl","BRE20168",1988,1993,6,6,0,1.92,0.77,3.22,2.19792678750521,0.77,1992,294,55,45,0.153061224489796,6,0.845145011541701,TRUE,"likely a real short core"
"europe/swit277.rwl","BRE84114",1988,1993,6,6,0,1.965,1.3,3.52,1.03265724130811,3.52,1991,294,55,45,0.153061224489796,6,0.846361973916673,TRUE,"likely a real short core"
"europe/swed332x.rwl","120040a",1997,2006,10,10,0,0.605,0.53,0.73,2.18771055851801,0.73,2006,96,55.5,2,0.0208333333333333,10,0.850268226601136,TRUE,"likely a real short core"
"europe/swit277.rwl","BRE84116",1988,1993,6,6,0,1.935,1.18,3.18,1.91044165690262,3.18,1991,294,55,45,0.153061224489796,6,0.856171820282207,TRUE,"likely a real short core"
"europe/swed331x.rwl","119542a",2001,2006,6,6,0,0.685,0.57,0.76,1.68256377480318,0.57,2001,86,43,6,0.0697674418604651,6,0.857794559695951,TRUE,"likely a real short core"
"europe/swit277.rwl","BRE84102",1985,1993,9,9,0,2.37,0.87,4.57,4.54534282153585,0.87,1987,294,55,45,0.153061224489796,9,0.867579463889701,TRUE,"likely a real short core"
"europe/swit285.rwl","GRA38074",1985,1993,9,9,0,4.03,2.49,4.97,2.33990295877023,2.49,1992,324,68,36,0.111111111111111,9,0.869607299291361,TRUE,"likely a real short core"
"europe/fin098.rwl","ELK0110a",2003,2011,9,9,0,0.43,0.34,0.64,1.57205962835945,0.64,2010,76,76,10,0.131578947368421,9,0.873259343351015,TRUE,"likely a real short core"
"northamerica/usa/vt004.rwl","BM-S67B",1996,2005,10,10,0,0.9685,0.73,2.069,2.13500781886823,2.069,1999,133,87,1,0.0075187969924812,10,0.874812634792608,TRUE,"likely a real short core"
"europe/swed331x.rwl","119543b",1999,2006,8,8,0,0.72,0.58,0.87,1.02445092525435,0.58,1999,86,43,6,0.0697674418604651,8,0.879688643808347,TRUE,"likely a real short core"
"europe/swit277.rwl","BRE84108",1985,1993,9,9,0,2.25,0.99,3.62,1.6153488341626,0.99,1987,294,55,45,0.153061224489796,9,0.881957380806745,TRUE,"likely a real short core"
"europe/swit290.rwl","LAS04096",1988,1992,5,5,0,2.36,1.33,2.54,5.26252802608609,1.33,1992,303,53,24,0.0792079207920792,5,0.885922259343051,TRUE,"likely a real short core"
"europe/finl086.rwl","ELK0311a",2007,2011,5,5,0,1.26,1.17,1.77,3.0932934900738,1.77,2011,88,60.5,4,0.0454545454545455,5,0.888284424765679,TRUE,"likely a real short core"
"europe/fin098.rwl","ELK0111a",2007,2011,5,5,0,0.47,0.35,0.62,1.96683682746955,0.35,2007,76,76,10,0.131578947368421,5,0.890751823370606,TRUE,"likely a real short core"
"europe/nor037.rwl","ENT0257b",2007,2013,7,7,0,0.55,0.36,0.78,1.06135847989122,0.36,2012,118,48,8,0.0677966101694915,7,0.891217039285306,TRUE,"likely a real short core"
"europe/swit277.rwl","BRE15108",1986,1993,8,8,0,1.59,0.76,2.5,2.3531079154502,0.76,1992,294,55,45,0.153061224489796,8,0.897215652313711,TRUE,"likely a real short core"
"europe/finl086.rwl","ELK0311b",2007,2011,5,5,0,1.01,0.83,1.16,1.01985472154086,0.83,2010,88,60.5,4,0.0454545454545455,5,0.90232967768516,TRUE,"likely a real short core"
"europe/swit277.rwl","BRE84118",1988,1993,6,6,0,1.705,1.19,3.19,1.30814124121168,3.19,1991,294,55,45,0.153061224489796,6,0.907515447683965,TRUE,"likely a real short core"
"northamerica/mexico/mex125.rwl","NIH14B",2010,2014,5,5,0,2.91,1.86,4.25,4.03045399084201,1.86,2010,42,54.5,1,0.0238095238095238,5,0.908590286509908,TRUE,"likely a real short core"
"europe/fin098.rwl","ELK0109a",2007,2011,5,5,0,0.44,0.34,0.53,0.934450411303323,0.34,2007,76,76,10,0.131578947368421,5,0.915178634422906,TRUE,"likely a real short core"
"northamerica/usa/nd013.rwl","P016A",2006,2010,5,5,0,3.3,1.9,4.72,1.04045649407223,1.9,2006,649,110,7,0.0107858243451464,5,0.920193313300273,TRUE,"likely a real short core"
"europe/swit277.rwl","BRE84112",1988,1993,6,6,0,1.9,1.47,3.35,1.62883275453564,3.35,1993,294,55,45,0.153061224489796,6,0.920784102067923,TRUE,"likely a real short core"
"asia/tha022.rwl","tc047x",1956,1962,7,7,0,3.502,1.194,7.529,4.11699488477991,1.194,1957,173,43,3,0.0173410404624277,7,0.922503113469248,TRUE,"likely a real short core"
"asia/russ238.rwl","11590271",1993,2000,8,8,0,0.425,0.18,0.81,2.35312810427864,0.18,2000,56,50.5,5,0.0892857142857143,8,0.927348245776089,TRUE,"likely a real short core"
"europe/finl086.rwl","ELK0310a",2006,2011,6,6,0,1.015,0.76,1.99,2.15685282412136,1.99,2011,88,60.5,4,0.0454545454545455,6,0.936684699520468,TRUE,"likely a real short core"
"europe/deu486.rwl","KDP0916B",1966,1971,6,6,0,3.705,1.55,4.95,2.49351352159797,1.55,1970,44,47,1,0.0227272727272727,6,0.940371969849994,TRUE,"likely a real short core"
"europe/swit313.rwl","C2-153",1946,1951,6,6,0,3.465,1,8.73,2.63827907947699,1,1951,452,31,40,0.0884955752212389,6,0.956714346887534,TRUE,"likely a real short core"
"europe/swit277.rwl","BRE84104",1985,1993,9,9,0,2.05,0.93,2.6,3.14123051618277,0.93,1987,294,55,45,0.153061224489796,9,0.960730511166977,TRUE,"likely a real short core"
"europe/swed331x.rwl","119542b",2001,2006,6,6,0,0.63,0.46,0.71,2.36558209580051,0.46,2001,86,43,6,0.0697674418604651,6,0.965668111834648,TRUE,"likely a real short core"
"europe/swit290.rwl","LAS04094",1988,1992,5,5,0,2.05,1.5,2.56,1.33161740071734,1.5,1992,303,53,24,0.0792079207920792,5,0.967645797514497,TRUE,"likely a real short core"
"europe/swit313.rwl","C2-317",1946,1951,6,6,0,3.725,1.96,5.88,1.26615253624952,1.96,1951,452,31,40,0.0884955752212389,6,0.976620641192003,TRUE,"likely a real short core"
"europe/nor036.rwl","ENT0131a",2009,2013,5,5,0,0.83,0.35,1.45,1.41532743135478,0.35,2009,104,53.5,2,0.0192307692307692,5,0.992538313202449,TRUE,"likely a real short core"
"europe/swit290.rwl","LAS01096",1988,1992,5,5,0,1.75,1.59,2.99,3.76814168809997,2.99,1991,303,53,24,0.0792079207920792,5,0.996485617880229,TRUE,"likely a real short core"
"europe/norw025.rwl","ENN0113B",2009,2013,5,5,0,2.3,2.02,2.75,0.928468254023124,2.75,2013,93,56,10,0.10752688172043,5,0.999564196491129,TRUE,"likely a real short core"
"southamerica/ury003.rwl","EFL01A",2018,2021,4,4,0,10.4165,6.749,13.159,1.97132757536506,6.749,2020,47,18,4,0.0851063829787234,4,NA,FALSE,"collection style"
"southamerica/ury003.rwl","EFL01B",2018,2021,4,4,0,10.1655,7.935,11.624,1.88530556925277,7.935,2020,47,18,4,0.0851063829787234,4,NA,FALSE,"collection style"
"europe/swit312.rwl","C1-231",1950,1954,5,5,0,6.25,5.29,7.69,1.28261608099144,7.69,1954,421,23,41,0.0973871733966746,5,-0.905009728648822,FALSE,"collection style"
"europe/swit313.rwl","C2-287",1946,1952,7,7,0,2.54,0.9,6.88,1.26379955763973,0.9,1952,452,31,40,0.0884955752212389,7,-0.862464097921793,FALSE,"collection style"
"europe/finl094.rwl","ELS0113a",2004,2011,8,8,0,0.985,0.37,1.34,2.90789329920114,0.37,2004,98,39,6,0.0612244897959184,8,-0.744787587180568,FALSE,"collection style"
"europe/swit313.rwl","C2-067",1948,1957,10,10,0,1.92,1.16,2.57,1.55848765639002,1.16,1956,452,31,40,0.0884955752212389,10,-0.695247241535471,FALSE,"collection style"
"northamerica/usa/ok039.rwl","B02t173",1985,1994,10,10,0,3.4285,1.742,14.269,3.18556657925412,14.269,1985,262,22,4,0.0152671755725191,10,-0.602251628371118,FALSE,"collection style"
"europe/fin099.rwl","ELK0214b",2006,2011,6,6,0,1.355,0.83,1.99,1.6954737872034,0.83,2006,84,16,13,0.154761904761905,6,-0.519006014301096,FALSE,"collection style"
"europe/finl094.rwl","ELS0113b",2004,2011,8,8,0,0.9,0.43,1.55,2.62533494024555,0.43,2004,98,39,6,0.0612244897959184,8,-0.470466937401151,FALSE,"collection style"
"europe/swit312.rwl","C1-230",1951,1956,6,6,0,6.03,4.36,9.08,2.08149826395873,9.08,1951,421,23,41,0.0973871733966746,6,-0.416448398581886,FALSE,"collection style"
"europe/swe348.rwl","ESA1036b",2005,2012,8,8,0,0.915,0.46,2.63,1.83140899735882,2.63,2005,70,25,8,0.114285714285714,8,-0.363963359446582,FALSE,"collection style"
"asia/tha022.rwl","tc047D",1956,1964,9,9,0,3.254,1.655,5.932,1.45265021349105,1.655,1957,173,43,3,0.0173410404624277,9,-0.320777669399386,FALSE,"collection style"
"europe/swit312.rwl","C1-357",1948,1954,7,7,0,4.57,3.03,5.39,1.67956559998616,3.03,1953,421,23,41,0.0973871733966746,7,-0.194722689672196,FALSE,"collection style"
"europe/swit313.rwl","C2-121",1948,1956,9,9,0,2.32,0.22,2.73,9.7637268144599,0.22,1955,452,31,40,0.0884955752212389,9,-0.0642921059779019,FALSE,"collection style"
"northamerica/usa/ok039.rwl","A15t672",1992,2001,10,10,0,4.3445,1.181,8.423,3.90023493818529,1.181,2001,262,22,4,0.0152671755725191,10,-0.0222013075848874,FALSE,"collection style"
"asia/tha025.rwl","ma053B",1994,2000,7,7,0,12.71,6.76,22.19,1.04959816200319,6.76,1994,256,30,4,0.015625,7,-0.0115695283312682,FALSE,"collection style"
"europe/swit312.rwl","C1-303",1949,1954,6,6,0,4.705,2.07,6.39,2.74985887694727,2.07,1954,421,23,41,0.0973871733966746,6,-0.0035333812062437,FALSE,"collection style"
"europe/swit313.rwl","C2-148",1949,1957,9,9,0,2.36,1.33,4.63,1.60971026691782,4.63,1950,452,31,40,0.0884955752212389,9,0.00767046771147068,FALSE,"collection style"
"europe/swit312.rwl","C1-132",1950,1959,10,10,0,3.3,2.81,4.7,2.4897563420192,4.7,1951,421,23,41,0.0973871733966746,10,0.017356252810068,FALSE,"collection style"
"europe/swit312.rwl","C1-235",1949,1957,9,9,0,3.64,2.48,4.61,5.10339300295041,2.48,1957,421,23,41,0.0973871733966746,9,0.0754157159779845,FALSE,"collection style"
"europe/swit312.rwl","C1-316",1949,1958,10,10,0,3.09,1.46,6.09,1.55882335439059,1.46,1957,421,23,41,0.0973871733966746,10,0.0759633329395035,FALSE,"collection style"
"southamerica/col003.rwl","CE05e",1986,1995,10,10,0,4.92,2.12,8.24,2.56456617162966,2.12,1994,79,27,1,0.0126582278481013,10,0.0767602282424748,FALSE,"collection style"
"northamerica/usa/ok039.rwl","A10t513",1991,2000,10,10,0,4.645,2.632,7.041,1.85176123693552,2.632,2000,262,22,4,0.0152671755725191,10,0.10206972012971,FALSE,"collection style"
"europe/swit312.rwl","C1-342",1947,1953,7,7,0,4.04,2.84,8.82,1.49422890646472,8.82,1951,421,23,41,0.0973871733966746,7,0.10987954873325,FALSE,"collection style"
"europe/swit312.rwl","C1-308",1949,1956,8,8,0,3.43,2.54,5.93,2.06860421604668,5.93,1949,421,23,41,0.0973871733966746,8,0.112709462542792,FALSE,"collection style"
"europe/fin099.rwl","ELK0225a",2005,2011,7,7,0,2.05,1.2,3.64,6.42002808535746,3.64,2010,84,16,13,0.154761904761905,7,0.130366656997012,FALSE,"collection style"
"europe/swit312.rwl","C1-455",1948,1955,8,8,0,4.78,3.11,5.91,1.5887708544951,3.11,1948,421,23,41,0.0973871733966746,8,0.133766034867194,FALSE,"collection style"
"europe/swit312.rwl","C1-425",1949,1956,8,8,0,4.13,3.34,4.73,1.39424269951113,3.34,1953,421,23,41,0.0973871733966746,8,0.139558320551696,FALSE,"collection style"
"europe/fin099.rwl","ELK0225b",2004,2011,8,8,0,2.08,0.67,2.96,5.95842483633231,0.67,2004,84,16,13,0.154761904761905,8,0.169626974762545,FALSE,"collection style"
"europe/swed331.rwl","119540b",1998,2006,9,9,0,1.98,0.86,2.43,2.988743635263,0.86,1998,86,43,6,0.0697674418604651,9,0.185611219111087,FALSE,"collection style"
"europe/swit312.rwl","C1-305",1948,1954,7,7,0,4.57,2.81,5.64,6.97313407258226,2.81,1954,421,23,41,0.0973871733966746,7,0.186776035851041,FALSE,"collection style"
"europe/swit312.rwl","C1-059",1948,1957,10,10,0,4.245,2.51,4.81,5.95194935643938,2.51,1957,421,23,41,0.0973871733966746,10,0.24521848293931,FALSE,"collection style"
"europe/swe348.rwl","ESA1036a",2005,2012,8,8,0,2.26,0.82,3.37,1.78502016711492,0.82,2012,70,25,8,0.114285714285714,8,0.25665130891949,FALSE,"collection style"
"europe/swed331.rwl","119543a",1998,2006,9,9,0,1.01,0.81,1.26,1.23202727424157,1.26,2003,86,43,6,0.0697674418604651,9,0.264390943856771,FALSE,"collection style"
"europe/fin099.rwl","ELK0221a",2004,2011,8,8,0,1.495,1.24,1.79,1.12891347149814,1.24,2004,84,16,13,0.154761904761905,8,0.275597759002128,FALSE,"collection style"
"europe/swit312.rwl","C1-332",1949,1957,9,9,0,3.71,1.23,6.61,2.75026975728062,1.23,1951,421,23,41,0.0973871733966746,9,0.277997308144855,FALSE,"collection style"
"europe/finl087.rwl","ELK0406a",2002,2011,10,10,0,0.87,0.66,1.06,1.18158727690036,0.66,2002,87,30,4,0.0459770114942529,10,0.306492265624101,FALSE,"collection style"
"asia/tha025.rwl","ma053c",2001,2010,10,10,0,10.445,5.98,15.07,1.50434341603592,5.98,2008,256,30,4,0.015625,10,0.313950142880841,FALSE,"collection style"
"europe/swit312.rwl","C1-200",1948,1957,10,10,0,3.13,1.05,3.48,10.2396381818826,1.05,1957,421,23,41,0.0973871733966746,10,0.323850038643805,FALSE,"collection style"
"europe/swit312.rwl","C1-396",1947,1956,10,10,0,3.265,2.72,6.05,2.61858785496866,6.05,1947,421,23,41,0.0973871733966746,10,0.327754076721431,FALSE,"collection style"
"europe/swit312.rwl","C1-447",1950,1957,8,8,0,3.415,2.37,4.79,2.09329310666791,2.37,1957,421,23,41,0.0973871733966746,8,0.409642013655076,FALSE,"collection style"
"europe/fin099.rwl","ELK0234a",1991,2000,10,10,0,1.6,1.16,2.2,3.08906640533014,1.16,1991,84,16,13,0.154761904761905,10,0.415734750681962,FALSE,"collection style"
"europe/swit235.rwl","EGQUD021",1984,1991,8,8,0,1.745,0.7,8.04,1.25142202244655,8.04,1987,12,19,3,0.25,8,0.420860117080023,FALSE,"collection style"
"europe/swe348.rwl","ESA1033b",2004,2012,9,9,0,1.78,1.37,2.81,3.19681776978515,2.81,2008,70,25,8,0.114285714285714,9,0.423282791890209,FALSE,"collection style"
"europe/nor037.rwl","ENT0258a",2004,2013,10,10,0,0.49,0.26,0.69,1.9500080909138,0.26,2010,118,48,8,0.0677966101694915,10,0.435555969096533,FALSE,"collection style"
"europe/fin099.rwl","ELK0229b",2001,2010,10,10,0,1.175,0.62,1.66,4.41628257174567,0.62,2001,84,16,13,0.154761904761905,10,0.4364901878904,FALSE,"collection style"
"europe/swit312.rwl","C1-392",1946,1952,7,7,0,3.02,1.48,6.89,0.858755982732066,6.89,1946,421,23,41,0.0973871733966746,7,0.440046514359261,FALSE,"collection style"
"europe/swit313.rwl","C2-197",1946,1952,7,7,0,2.9,2.15,5.22,1.32486578909414,5.22,1946,452,31,40,0.0884955752212389,7,0.450730159143397,FALSE,"collection style"
"europe/nor037.rwl","ENT0256b",2004,2013,10,10,0,0.92,0.46,1.44,1.34886654471382,0.46,2013,118,48,8,0.0677966101694915,10,0.462305139102919,FALSE,"collection style"
"europe/swit312.rwl","C1-225",1948,1954,7,7,0,2.99,1.53,4.47,1.64037456185988,1.53,1954,421,23,41,0.0973871733966746,7,0.462368023005892,FALSE,"collection style"
"europe/swit312.rwl","C1-202",1945,1949,5,5,0,2.81,2.2,5.68,1.93964675229232,5.68,1946,421,23,41,0.0973871733966746,5,0.468467458778917,FALSE,"collection style"
"europe/swit312.rwl","C1-340",1952,1960,9,9,0,3.47,2.88,5.26,1.69279458646964,5.26,1952,421,23,41,0.0973871733966746,9,0.469732611639324,FALSE,"collection style"
"europe/swit312.rwl","C1-430",1949,1957,9,9,0,3.78,2.89,5.62,2.01473579644959,5.62,1950,421,23,41,0.0973871733966746,9,0.482027237014686,FALSE,"collection style"
"europe/swit313.rwl","C2-050",1950,1957,8,8,0,2.895,2.06,5.76,4.49402008221136,5.76,1951,452,31,40,0.0884955752212389,8,0.488393896106249,FALSE,"collection style"
"europe/swit313.rwl","C2-207",1948,1957,10,10,0,2.1,0.4,4.88,4.03190883623549,0.4,1957,452,31,40,0.0884955752212389,10,0.494816890535361,FALSE,"collection style"
"europe/swit313.rwl","C2-418",1946,1955,10,10,0,2.185,1.12,4.21,1.54973030926065,1.12,1955,452,31,40,0.0884955752212389,10,0.50112333832035,FALSE,"collection style"
"europe/fin099.rwl","ELK0232a",2002,2011,10,10,0,2.25,1.9,3.09,3.90738822956355,3.09,2011,84,16,13,0.154761904761905,10,0.501801234773921,FALSE,"collection style"
"europe/finl087.rwl","ELK0406b",2002,2011,10,10,0,0.955,0.69,1.21,1.5530201644105,0.69,2002,87,30,4,0.0459770114942529,10,0.503025196210987,FALSE,"collection style"
"europe/swit312.rwl","C1-363",1947,1951,5,5,0,3.01,2.41,5.91,2.58258504509038,5.91,1947,421,23,41,0.0973871733966746,5,0.506900245604178,FALSE,"collection style"
"europe/swit235.rwl","EGQUC021",1987,1991,5,5,0,3.69,1.44,3.83,17.0438446787723,1.44,1989,12,19,3,0.25,5,0.508072041869895,FALSE,"collection style"
"europe/swit313.rwl","C2-033",1947,1956,10,10,0,3.4,0.87,4.9,4.14176588377246,0.87,1956,452,31,40,0.0884955752212389,10,0.511164566326562,FALSE,"collection style"
"europe/swit312.rwl","C1-229",1951,1958,8,8,0,3.935,3.38,5.41,1.88266527918859,5.41,1951,421,23,41,0.0973871733966746,8,0.517818970596696,FALSE,"collection style"
"europe/swit313.rwl","C2-462",1948,1957,10,10,0,2.95,0.51,6.03,3.50690323178175,0.51,1957,452,31,40,0.0884955752212389,10,0.521108758650243,FALSE,"collection style"
"europe/swit313.rwl","C2-447",1946,1955,10,10,0,2.1,1.91,2.96,3.46765275333007,2.96,1955,452,31,40,0.0884955752212389,10,0.524961340350273,FALSE,"collection style"
"europe/nor037.rwl","ENT0258b",2004,2013,10,10,0,0.465,0.18,0.7,5.26182256419823,0.18,2010,118,48,8,0.0677966101694915,10,0.528198701715083,FALSE,"collection style"
"europe/swit312.rwl","C1-468",1948,1956,9,9,0,3.21,2.16,3.8,4.15365343385066,2.16,1948,421,23,41,0.0973871733966746,9,0.530315871738437,FALSE,"collection style"
"europe/swe348.rwl","ESA1033a",2004,2012,9,9,0,1.92,1.27,2.51,1.16051036909211,1.27,2005,70,25,8,0.114285714285714,9,0.533002822863932,FALSE,"collection style"
"northamerica/usa/nv524.rwl","MRE132",2011,2020,10,10,0,15.02,5.82,21.96,4.12692022907506,5.82,2020,27,15,3,0.111111111111111,10,0.560779016164954,FALSE,"collection style"
"europe/nor037.rwl","ENT0256a",2004,2013,10,10,0,0.78,0.48,1.44,1.15087306020908,1.44,2007,118,48,8,0.0677966101694915,10,0.576775340470353,FALSE,"collection style"
"europe/swit313.rwl","C2-191",1946,1953,8,8,0,1.915,0.86,4.99,1.22389955138068,4.99,1946,452,31,40,0.0884955752212389,8,0.581245182101872,FALSE,"collection style"
"europe/swit313.rwl","C2-237",1945,1954,10,10,0,3.7,2.15,7.49,1.89625901146337,7.49,1945,452,31,40,0.0884955752212389,10,0.58502108773705,FALSE,"collection style"
"northamerica/usa/nv524.rwl","MRE131",2011,2020,10,10,0,16.415,5.15,23.23,3.99985907933092,5.15,2020,27,15,3,0.111111111111111,10,0.59577732211572,FALSE,"collection style"
"southamerica/ury003.rwl","EFL02B",2013,2022,10,10,0,11.162,5.313,23.537,1.31960594922173,23.537,2018,47,18,4,0.0851063829787234,10,0.596222113928698,FALSE,"collection style"
"europe/ital029.rwl","PLCA9b",1998,2007,10,10,0,1.43,0.62,1.98,3.70291440515192,0.62,2007,17,21,2,0.117647058823529,10,0.604604860876561,FALSE,"collection style"
"southamerica/ury003.rwl","EFL02A",2015,2022,8,8,0,10.033,4.018,17.418,1.20698758692963,4.018,2020,47,18,4,0.0851063829787234,8,0.60463718083496,FALSE,"collection style"
"europe/swit312.rwl","C1-377",1946,1954,9,9,0,3.01,0.5,3.99,4.29577725572095,0.5,1954,421,23,41,0.0973871733966746,9,0.619451230206103,FALSE,"collection style"
"europe/fin099.rwl","ELK0214a",2007,2011,5,5,0,1.15,0.98,1.71,1.67281760556522,1.71,2011,84,16,13,0.154761904761905,5,0.621773242877758,FALSE,"collection style"
"europe/swit312.rwl","C1-218",1948,1954,7,7,0,4.28,3.22,5.2,1.96146746505091,3.22,1954,421,23,41,0.0973871733966746,7,0.624303481576184,FALSE,"collection style"
"europe/swit312.rwl","C1-350",1946,1954,9,9,0,2.08,1.12,4.97,1.79722080917821,4.97,1946,421,23,41,0.0973871733966746,9,0.638082338040346,FALSE,"collection style"
"europe/fin099.rwl","ELK0229a",2001,2010,10,10,0,1.195,0.56,1.59,3.29572412260687,0.56,2001,84,16,13,0.154761904761905,10,0.640740125852436,FALSE,"collection style"
"europe/swit312.rwl","C1-477",1948,1957,10,10,0,3.205,0.56,5.45,3.9503537338389,0.56,1957,421,23,41,0.0973871733966746,10,0.659449704368914,FALSE,"collection style"
"europe/swit312.rwl","C1-227",1948,1957,10,10,0,3.08,1.42,4.22,2.42661100135839,1.42,1957,421,23,41,0.0973871733966746,10,0.667721619633842,FALSE,"collection style"
"europe/swit313.rwl","C2-142",1947,1954,8,8,0,2.26,1.63,6.2,5.00986493120492,6.2,1947,452,31,40,0.0884955752212389,8,0.66878877065872,FALSE,"collection style"
"europe/swe348.rwl","ESA1010a",2003,2012,10,10,0,2.34,1.29,3.24,2.3694281272563,1.29,2012,70,25,8,0.114285714285714,10,0.677789055184728,FALSE,"collection style"
"europe/swit312.rwl","C1-216",1951,1959,9,9,0,3.39,2.82,4.03,1.17486056460663,2.82,1957,421,23,41,0.0973871733966746,9,0.682283477317926,FALSE,"collection style"
"northamerica/usa/nv524.rwl","MRE10",2011,2020,10,10,0,18.175,13.05,24.4,1.19492280456056,13.05,2020,27,15,3,0.111111111111111,10,0.689930693515896,FALSE,"collection style"
"europe/swit313.rwl","C2-089",1946,1955,10,10,0,1.73,0.87,7.03,5.12454926273976,7.03,1947,452,31,40,0.0884955752212389,10,0.695590072687,FALSE,"collection style"
"europe/fin099.rwl","ELK0232b",2002,2011,10,10,0,2.21,2.01,3.02,2.94374645511042,3.02,2011,84,16,13,0.154761904761905,10,0.696894663677227,FALSE,"collection style"
"europe/swit312.rwl","C1-437",1945,1950,6,6,0,2.655,1.86,3.4,2.04799400147804,1.86,1948,421,23,41,0.0973871733966746,6,0.698411770352106,FALSE,"collection style"
"europe/swit313.rwl","C2-082",1947,1954,8,8,0,2.54,2.04,3.62,4.60965451695803,3.62,1947,452,31,40,0.0884955752212389,8,0.72616646009565,FALSE,"collection style"
"europe/swit312.rwl","C1-160",1948,1957,10,10,0,3.655,1.73,4.74,4.42396602386219,1.73,1957,421,23,41,0.0973871733966746,10,0.729691556319916,FALSE,"collection style"
"europe/swe348.rwl","ESA1010b",2003,2012,10,10,0,1.98,1.54,2.33,1.42783979274625,1.54,2010,70,25,8,0.114285714285714,10,0.735938230520885,FALSE,"collection style"
"europe/swit313.rwl","C2-206",1946,1955,10,10,0,3.82,2.33,6.11,1.97196238027681,2.33,1950,452,31,40,0.0884955752212389,10,0.738415640479869,FALSE,"collection style"
"europe/swit312.rwl","C1-439",1950,1958,9,9,0,4.46,1.58,5.91,5.07178566601439,1.58,1957,421,23,41,0.0973871733966746,9,0.743994969284034,FALSE,"collection style"
"northamerica/usa/ok039.rwl","A05t749",1992,2001,10,10,0,5.689,1.008,9.787,7.06587796902954,1.008,2001,262,22,4,0.0152671755725191,10,0.744396804388185,FALSE,"collection style"
"europe/swit312.rwl","C1-031",1948,1957,10,10,0,2.715,0.81,4.6,8.30881051176959,0.81,1957,421,23,41,0.0973871733966746,10,0.745124849183055,FALSE,"collection style"
"northamerica/usa/ak162.rwl","INR19",2008,2016,9,9,0,0.33,0.06,0.68,2.83584656843872,0.06,2014,37,24,1,0.027027027027027,9,0.747717711657762,FALSE,"collection style"
"europe/swit313.rwl","C2-015",1947,1953,7,7,0,3.13,2.34,6.48,7.06728325000437,6.48,1947,452,31,40,0.0884955752212389,7,0.748453891252751,FALSE,"collection style"
"europe/swit235.rwl","EGQUC022",1986,1991,6,6,0,2.575,1.55,4.15,0.770353578898097,1.55,1989,12,19,3,0.25,6,0.758642766028884,FALSE,"collection style"
"europe/ital029.rwl","PLCA9d",1998,2007,10,10,0,1.305,0.95,2.56,2.08583329216654,2.56,2005,17,21,2,0.117647058823529,10,0.770227933770345,FALSE,"collection style"
"europe/swit313.rwl","C2-162",1946,1953,8,8,0,4.31,2.71,7.86,0.997030208703784,7.86,1947,452,31,40,0.0884955752212389,8,0.773468988829208,FALSE,"collection style"
"europe/swit313.rwl","C2-428",1946,1954,9,9,0,2.56,1.25,4.98,2.10798840867611,1.25,1949,452,31,40,0.0884955752212389,9,0.778980882498965,FALSE,"collection style"
"europe/swe348.rwl","ESA1003a",2004,2012,9,9,0,2.34,1.44,2.73,3.81034764967351,1.44,2012,70,25,8,0.114285714285714,9,0.788733423384796,FALSE,"collection style"
"europe/fin099.rwl","ELK0234b",2001,2010,10,10,0,1.61,1.12,1.97,2.4060717399802,1.12,2001,84,16,13,0.154761904761905,10,0.800273255893926,FALSE,"collection style"
"asia/rus393.rwl","SB17B1",2008,2017,10,10,0,0.2705,0.108,0.394,1.75726572049696,0.108,2009,37,32,1,0.027027027027027,10,0.813952623733636,FALSE,"collection style"
"europe/swit312.rwl","C1-456",1948,1955,8,8,0,3.365,2.61,3.76,2.9969062761338,2.61,1954,421,23,41,0.0973871733966746,8,0.819619182058394,FALSE,"collection style"
"southamerica/bra027.rwl","BP02b",2005,2014,10,10,0,4.895,2.91,11.17,2.78674950569276,11.17,2009,50,21,1,0.02,10,0.82029711449233,FALSE,"collection style"
"europe/swit312.rwl","C1-381",1947,1953,7,7,0,4.18,2.72,4.55,3.41698274429964,2.72,1953,421,23,41,0.0973871733966746,7,0.820752795645772,FALSE,"collection style"
"europe/swit313.rwl","C2-308",1946,1954,9,9,0,2.15,1.47,4.3,2.63123745302602,4.3,1947,452,31,40,0.0884955752212389,9,0.827349096222477,FALSE,"collection style"
"asia/tha022.rwl","tc034A",1985,1994,10,10,0,9.1315,0.92,17.081,2.79399035529168,0.92,1991,173,43,3,0.0173410404624277,10,0.829243788449753,FALSE,"collection style"
"europe/swit313.rwl","C2-412",1946,1954,9,9,0,3.3,0.73,6.74,4.63579300960772,0.73,1954,452,31,40,0.0884955752212389,9,0.82998142534571,FALSE,"collection style"
"europe/swit312.rwl","C1-224",1948,1955,8,8,0,3.245,2.46,4.05,2.503015351938,2.46,1955,421,23,41,0.0973871733966746,8,0.832018838441697,FALSE,"collection style"
"europe/swit312.rwl","C1-234",1947,1955,9,9,0,3.32,2.1,5.61,1.77506253177838,5.61,1947,421,23,41,0.0973871733966746,9,0.835861954036972,FALSE,"collection style"
"europe/swit313.rwl","C2-379",1947,1954,8,8,0,1.79,1.5,4.22,3.61401444073148,4.22,1947,452,31,40,0.0884955752212389,8,0.836021238792928,FALSE,"collection style"
"europe/swit313.rwl","C2-241",1946,1952,7,7,0,2.45,1.61,3.54,1.71453744280611,1.61,1951,452,31,40,0.0884955752212389,7,0.849494057294466,FALSE,"collection style"
"europe/swit313.rwl","C2-192",1946,1955,10,10,0,1.955,0.9,4.84,2.51657942048637,4.84,1947,452,31,40,0.0884955752212389,10,0.859488413002157,FALSE,"collection style"
"centralamerica/pan001.rwl","JCO27W",1991,2000,10,10,0,6.39,2.04,8.3,3.08859823552847,2.04,1997,31,36,1,0.032258064516129,10,0.861406413151047,FALSE,"collection style"
"europe/swit313.rwl","C2-155",1947,1956,10,10,0,2.655,2.06,6.05,4.83532168818543,6.05,1947,452,31,40,0.0884955752212389,10,0.863484302111041,FALSE,"collection style"
"europe/swe348.rwl","ESA1003b",2004,2012,9,9,0,2.63,2,3.25,1.40319445475009,2,2005,70,25,8,0.114285714285714,9,0.86790015812374,FALSE,"collection style"
"northamerica/mexico/mex122.rwl","ma10d",1997,2006,10,10,0,5,1.5,17.5,1.49089414172126,17.5,1998,28,19.5,1,0.0357142857142857,10,0.887786910557181,FALSE,"collection style"
"europe/swed331x.rwl","119540b",1998,2006,9,9,0,0.62,0.48,0.74,1.24954233044588,0.48,1998,86,43,6,0.0697674418604651,9,0.889717010963885,FALSE,"collection style"
"europe/fin099.rwl","ELK0244a",2003,2011,9,9,0,1.73,0.84,2.1,2.65591400787449,0.84,2003,84,16,13,0.154761904761905,9,0.901076800689064,FALSE,"collection style"
"europe/swit313.rwl","C2-100",1946,1955,10,10,0,1.755,1.09,4.82,2.45354754654053,4.82,1947,452,31,40,0.0884955752212389,10,0.906424158366706,FALSE,"collection style"
"europe/swed331x.rwl","119543a",1998,2006,9,9,0,0.68,0.49,0.8,1.35997774994905,0.49,1998,86,43,6,0.0697674418604651,9,0.907551567333819,FALSE,"collection style"
"southamerica/bra035.rwl","FM10b",2009,2018,10,10,0,2.065,0.85,3.11,2.62861701760884,0.85,2016,18,22,1,0.0555555555555556,10,0.910034849790175,FALSE,"collection style"
"europe/swit313.rwl","C2-278",1947,1955,9,9,0,1.28,0.88,4.7,3.28503939466803,4.7,1947,452,31,40,0.0884955752212389,9,0.911752805107077,FALSE,"collection style"
"northamerica/usa/ak161.rwl","BRU14",2007,2015,9,9,0,0.6,0.05,0.87,6.09242649170712,0.05,2015,35,25,1,0.0285714285714286,9,0.91859000632801,FALSE,"collection style"
"europe/swit313.rwl","C2-202",1946,1955,10,10,0,2.17,1.02,6.26,2.69917289321626,6.26,1947,452,31,40,0.0884955752212389,10,0.921285006948181,FALSE,"collection style"
"europe/fin099.rwl","ELK0221b",2003,2010,8,8,0,1.31,0.95,1.97,3.22038736915573,1.97,2006,84,16,13,0.154761904761905,8,0.942114995007737,FALSE,"collection style"
"europe/swit313.rwl","C2-196",1946,1955,10,10,0,2.23,1.49,5.13,3.37957408389969,5.13,1947,452,31,40,0.0884955752212389,10,0.943850903562081,FALSE,"collection style"
"europe/swit313.rwl","C2-324",1947,1955,9,9,0,1.8,1.7,3.4,7.50490640773769,3.4,1947,452,31,40,0.0884955752212389,9,0.948635520231535,FALSE,"collection style"
"northamerica/usa/ca729.rwl","B1MB01",1995,2004,10,10,0,6.84,3.51,11.64,1.98332186362562,3.51,2004,63,35,1,0.0158730158730159,10,0.951625115380645,FALSE,"collection style"
"europe/swit313.rwl","C2-157",1946,1953,8,8,0,3.685,0.96,8.87,2.20943838222332,0.96,1953,452,31,40,0.0884955752212389,8,0.956694033562185,FALSE,"collection style"
"europe/swit313.rwl","C2-230",1946,1952,7,7,0,2.63,0.9,6.38,2.41776883462616,0.9,1952,452,31,40,0.0884955752212389,7,0.956844991337127,FALSE,"collection style"
"europe/swit313.rwl","C2-041",1946,1955,10,10,0,1.505,0.52,5.22,1.19389544468416,5.22,1947,452,31,40,0.0884955752212389,10,0.960592488520084,FALSE,"collection style"
"europe/swit313.rwl","C2-327",1946,1954,9,9,0,3.71,2.21,8.91,3.12086856337632,8.91,1947,452,31,40,0.0884955752212389,9,0.967771496780169,FALSE,"collection style"
"europe/swit313.rwl","C2-194",1946,1953,8,8,0,1.96,1.21,5.79,1.91459251881489,5.79,1947,452,31,40,0.0884955752212389,8,0.98481050456469,FALSE,"collection style"
