"local_file","url","status","local_modified","remote_modified","stale"
"data_files/treering/measurements/africa/cmr002.rwl","https://www.ncei.noaa.gov/pub/data/paleo/treering/measurements/africa/cmr002.rwl",200,2024-05-10 14:49:53.072417,2026-06-22 20:02:37,TRUE
"data_files/treering/measurements/africa/dza004.rwl","https://www.ncei.noaa.gov/pub/data/paleo/treering/measurements/africa/dza004.rwl",200,2024-05-16 15:57:54.233186,2026-06-22 20:03:56,TRUE
"data_files/treering/measurements/africa/dza005.rwl","https://www.ncei.noaa.gov/pub/data/paleo/treering/measurements/africa/dza005.rwl",200,2024-05-16 15:57:54.233488,2026-06-22 20:03:57,TRUE
"data_files/treering/measurements/africa/dza011.rwl","https://www.ncei.noaa.gov/pub/data/paleo/treering/measurements/africa/dza011.rwl",200,2024-05-10 15:09:13.808642,2026-06-22 20:03:58,TRUE
"data_files/treering/measurements/africa/dza013.rwl","https://www.ncei.noaa.gov/pub/data/paleo/treering/measurements/africa/dza013.rwl",200,2024-05-16 15:57:54.233717,2026-06-22 20:03:59,TRUE
"data_files/treering/measurements/africa/dza021.rwl","https://www.ncei.noaa.gov/pub/data/paleo/treering/measurements/africa/dza021.rwl",200,2024-05-16 15:57:54.235042,2026-06-22 20:03:59,TRUE
"data_files/treering/measurements/africa/dza022.rwl","https://www.ncei.noaa.gov/pub/data/paleo/treering/measurements/africa/dza022.rwl",200,2024-05-10 15:09:40.51233,2024-05-13 16:32:47,TRUE
"data_files/treering/measurements/africa/dza030.rwl","https://www.ncei.noaa.gov/pub/data/paleo/treering/measurements/africa/dza030.rwl",200,2024-05-10 15:09:58.125402,2024-05-13 16:33:09,TRUE
"data_files/treering/measurements/africa/eth001.rwl","https://www.ncei.noaa.gov/pub/data/paleo/treering/measurements/africa/eth001.rwl",200,2024-05-10 14:48:35.857625,2026-06-22 20:04:21,TRUE
"data_files/treering/measurements/africa/eth002.rwl","https://www.ncei.noaa.gov/pub/data/paleo/treering/measurements/africa/eth002.rwl",200,2024-05-10 14:48:37.187134,2026-06-22 20:04:22,TRUE
"data_files/treering/measurements/africa/eth003.rwl","https://www.ncei.noaa.gov/pub/data/paleo/treering/measurements/africa/eth003.rwl",200,2024-05-10 14:48:38.437303,2026-06-22 20:04:23,TRUE
"data_files/treering/measurements/africa/mar030.rwl","https://www.ncei.noaa.gov/pub/data/paleo/treering/measurements/africa/mar030.rwl",200,2024-05-10 15:10:54.277927,2026-06-22 20:05:35,TRUE
"data_files/treering/measurements/africa/mar035.rwl","https://www.ncei.noaa.gov/pub/data/paleo/treering/measurements/africa/mar035.rwl",200,2024-05-10 15:11:07.524997,2024-05-13 16:31:56,TRUE
"data_files/treering/measurements/africa/mar041.rwl","https://www.ncei.noaa.gov/pub/data/paleo/treering/measurements/africa/mar041.rwl",200,2024-05-10 15:11:20.677225,2026-06-22 20:05:36,TRUE
"data_files/treering/measurements/africa/mar042.rwl","https://www.ncei.noaa.gov/pub/data/paleo/treering/measurements/africa/mar042.rwl",200,2024-05-16 15:57:54.236319,2026-06-22 20:05:36,TRUE
"data_files/treering/measurements/africa/mar043.rwl","https://www.ncei.noaa.gov/pub/data/paleo/treering/measurements/africa/mar043.rwl",200,2024-05-16 15:57:54.23673,2026-06-22 20:05:37,TRUE
"data_files/treering/measurements/africa/mar047.rwl","https://www.ncei.noaa.gov/pub/data/paleo/treering/measurements/africa/mar047.rwl",200,2024-05-10 15:11:35.368935,2024-05-13 16:35:15,TRUE
"data_files/treering/measurements/africa/morc024.rwl","https://www.ncei.noaa.gov/pub/data/paleo/treering/measurements/africa/morc024.rwl",200,2024-05-10 14:24:13.674304,2026-06-22 20:06:01,TRUE
"data_files/treering/measurements/asia/chin061.rwl","https://www.ncei.noaa.gov/pub/data/paleo/treering/measurements/asia/chin061.rwl",200,2024-05-10 13:35:53.361925,2024-05-15 18:51:32,TRUE
"data_files/treering/measurements/asia/chin076.rwl","https://www.ncei.noaa.gov/pub/data/paleo/treering/measurements/asia/chin076.rwl",200,2024-05-10 14:22:36.867139,2026-06-22 20:15:32,TRUE
"data_files/treering/measurements/asia/chin077.rwl","https://www.ncei.noaa.gov/pub/data/paleo/treering/measurements/asia/chin077.rwl",200,2024-05-10 14:22:38.184339,2026-06-22 20:15:34,TRUE
"data_files/treering/measurements/asia/chin080.rwl","https://www.ncei.noaa.gov/pub/data/paleo/treering/measurements/asia/chin080.rwl",200,2024-05-10 14:22:41.588205,2026-06-22 20:15:35,TRUE
"data_files/treering/measurements/asia/chn088.rwl","https://www.ncei.noaa.gov/pub/data/paleo/treering/measurements/asia/chn088.rwl",200,2024-05-10 14:58:30.276841,2025-10-08 18:00:39,TRUE
"data_files/treering/measurements/asia/chn089.rwl","https://www.ncei.noaa.gov/pub/data/paleo/treering/measurements/asia/chn089.rwl",200,2024-05-10 14:58:31.636064,2025-10-08 18:01:04,TRUE
"data_files/treering/measurements/asia/indi005.rwl","https://www.ncei.noaa.gov/pub/data/paleo/treering/measurements/asia/indi005.rwl",200,2024-05-09 16:46:50.803833,2026-06-22 20:15:04,TRUE
"data_files/treering/measurements/asia/indi010.rwl","https://www.ncei.noaa.gov/pub/data/paleo/treering/measurements/asia/indi010.rwl",200,2024-05-09 15:25:36.48,2024-05-13 22:41:14,TRUE
"data_files/treering/measurements/asia/indi025.rwl","https://www.ncei.noaa.gov/pub/data/paleo/treering/measurements/asia/indi025.rwl",200,2024-05-10 13:36:24.476988,2024-05-15 18:52:05,TRUE
"data_files/treering/measurements/asia/indo001.rwl","https://www.ncei.noaa.gov/pub/data/paleo/treering/measurements/asia/indo001.rwl",200,2024-05-09 16:18:11.323607,2026-06-22 20:15:05,TRUE
"data_files/treering/measurements/asia/kore004.rwl","https://www.ncei.noaa.gov/pub/data/paleo/treering/measurements/asia/kore004.rwl",200,2024-05-10 14:35:04.490791,2025-05-09 17:05:17,TRUE
"data_files/treering/measurements/asia/kore005.rwl","https://www.ncei.noaa.gov/pub/data/paleo/treering/measurements/asia/kore005.rwl",200,2024-05-10 14:35:05.823588,2025-05-09 17:05:36,TRUE
"data_files/treering/measurements/asia/mong001.rwl","https://www.ncei.noaa.gov/pub/data/paleo/treering/measurements/asia/mong001.rwl",200,2024-05-09 16:48:19.099819,2026-06-22 20:16:15,TRUE
"data_files/treering/measurements/asia/mong041.rwl","https://www.ncei.noaa.gov/pub/data/paleo/treering/measurements/asia/mong041.rwl",200,2024-05-10 14:18:22.264755,2026-06-22 20:16:16,TRUE
"data_files/treering/measurements/asia/rus319.rwl","https://www.ncei.noaa.gov/pub/data/paleo/treering/measurements/asia/rus319.rwl",200,2024-05-10 14:50:28.790442,2024-05-15 18:52:26,TRUE
"data_files/treering/measurements/asia/rus356.rwl","https://www.ncei.noaa.gov/pub/data/paleo/treering/measurements/asia/rus356.rwl",200,2024-05-10 14:51:26.19644,2026-06-22 20:16:36,TRUE
"data_files/treering/measurements/asia/rus379.rwl","https://www.ncei.noaa.gov/pub/data/paleo/treering/measurements/asia/rus379.rwl",200,2024-05-10 14:52:07.477532,2026-06-22 20:16:36,TRUE
"data_files/treering/measurements/asia/russ192.rwl","https://www.ncei.noaa.gov/pub/data/paleo/treering/measurements/asia/russ192.rwl",200,2024-05-09 16:30:18.071443,2026-06-22 20:16:37,TRUE
"data_files/treering/measurements/asia/russ193.rwl","https://www.ncei.noaa.gov/pub/data/paleo/treering/measurements/asia/russ193.rwl",200,2024-05-09 17:03:37.180719,2026-06-22 20:16:38,TRUE
"data_files/treering/measurements/asia/russ280.rwl","https://www.ncei.noaa.gov/pub/data/paleo/treering/measurements/asia/russ280.rwl",200,2024-05-10 14:26:30.699687,2026-06-22 20:16:38,TRUE
"data_files/treering/measurements/asia/russ281.rwl","https://www.ncei.noaa.gov/pub/data/paleo/treering/measurements/asia/russ281.rwl",200,2024-05-10 14:26:32.480914,2026-06-22 20:16:42,TRUE
"data_files/treering/measurements/asia/russ306.rwl","https://www.ncei.noaa.gov/pub/data/paleo/treering/measurements/asia/russ306.rwl",200,2024-05-10 14:47:09.978335,2026-06-22 20:16:45,TRUE
"data_files/treering/measurements/asia/russ309.rwl","https://www.ncei.noaa.gov/pub/data/paleo/treering/measurements/asia/russ309.rwl",200,2024-05-10 14:47:06.172893,2026-06-22 20:16:47,TRUE
"data_files/treering/measurements/asia/tha021.rwl","https://www.ncei.noaa.gov/pub/data/paleo/treering/measurements/asia/tha021.rwl",200,2024-05-10 14:49:42.522635,2024-05-15 18:52:16,TRUE
"data_files/treering/measurements/australia/ausl024.rwl","https://www.ncei.noaa.gov/pub/data/paleo/treering/measurements/australia/ausl024.rwl",200,2024-05-09 16:13:40.485013,2026-06-22 20:09:02,TRUE
"data_files/treering/measurements/australia/ausl031.rwl","https://www.ncei.noaa.gov/pub/data/paleo/treering/measurements/australia/ausl031.rwl",200,2024-05-10 13:23:37.597583,2026-06-22 20:09:03,TRUE
"data_files/treering/measurements/australia/ausl038.rwl","https://www.ncei.noaa.gov/pub/data/paleo/treering/measurements/australia/ausl038.rwl",200,2024-05-10 14:02:14.188032,2026-06-22 20:09:04,TRUE
"data_files/treering/measurements/australia/ausl042.rwl","https://www.ncei.noaa.gov/pub/data/paleo/treering/measurements/australia/ausl042.rwl",200,2024-05-10 14:02:51.138368,2026-06-22 20:09:05,TRUE
"data_files/treering/measurements/australia/ausl043.rwl","https://www.ncei.noaa.gov/pub/data/paleo/treering/measurements/australia/ausl043.rwl",200,2024-05-10 14:02:57.813082,2024-05-15 18:53:35,TRUE
"data_files/treering/measurements/australia/ausl048.rwl","https://www.ncei.noaa.gov/pub/data/paleo/treering/measurements/australia/ausl048.rwl",200,2024-05-10 14:07:47.951045,2026-06-22 20:09:06,TRUE
"data_files/treering/measurements/australia/ausl049.rwl","https://www.ncei.noaa.gov/pub/data/paleo/treering/measurements/australia/ausl049.rwl",200,2024-05-10 14:12:44.074037,2026-06-22 20:09:06,TRUE
"data_files/treering/measurements/australia/ausl055.rwl","https://www.ncei.noaa.gov/pub/data/paleo/treering/measurements/australia/ausl055.rwl",200,2024-05-10 14:21:19.180073,2026-06-22 20:09:07,TRUE
"data_files/treering/measurements/australia/newz077.rwl","https://www.ncei.noaa.gov/pub/data/paleo/treering/measurements/australia/newz077.rwl",200,2024-05-09 16:18:44.726703,2026-06-22 20:09:46,TRUE
"data_files/treering/measurements/australia/newz082.rwl","https://www.ncei.noaa.gov/pub/data/paleo/treering/measurements/australia/newz082.rwl",200,2024-05-10 12:59:19.925492,2026-06-22 20:09:47,TRUE
"data_files/treering/measurements/europe/aust002.rwl","https://www.ncei.noaa.gov/pub/data/paleo/treering/measurements/europe/aust002.rwl",200,2024-05-09 16:30:29.905134,2026-06-22 20:10:27,TRUE
"data_files/treering/measurements/europe/aust003.rwl","https://www.ncei.noaa.gov/pub/data/paleo/treering/measurements/europe/aust003.rwl",200,2024-05-09 16:30:25.757584,2026-06-22 20:10:28,TRUE
"data_files/treering/measurements/europe/brit.rwl","https://www.ncei.noaa.gov/pub/data/paleo/treering/measurements/europe/brit.rwl",200,2024-05-10 08:40:57.583152,2026-08-19 23:11:24,TRUE
"data_files/treering/measurements/europe/brit008.rwl","https://www.ncei.noaa.gov/pub/data/paleo/treering/measurements/europe/brit008.rwl",200,2024-05-09 15:19:29.176104,2026-06-22 20:10:41,TRUE
"data_files/treering/measurements/europe/brit009.rwl","https://www.ncei.noaa.gov/pub/data/paleo/treering/measurements/europe/brit009.rwl",200,2024-05-10 08:40:48.233555,2026-06-22 20:10:42,TRUE
"data_files/treering/measurements/europe/brit10.rwl","https://www.ncei.noaa.gov/pub/data/paleo/treering/measurements/europe/brit10.rwl",200,2024-05-10 08:31:51.818768,2026-06-22 20:10:43,TRUE
"data_files/treering/measurements/europe/brit11.rwl","https://www.ncei.noaa.gov/pub/data/paleo/treering/measurements/europe/brit11.rwl",200,2024-05-10 08:31:48.077635,2026-06-22 20:10:44,TRUE
"data_files/treering/measurements/europe/brit12.rwl","https://www.ncei.noaa.gov/pub/data/paleo/treering/measurements/europe/brit12.rwl",200,2024-05-10 08:31:49.285416,2026-06-22 20:10:45,TRUE
"data_files/treering/measurements/europe/brit3.rwl","https://www.ncei.noaa.gov/pub/data/paleo/treering/measurements/europe/brit3.rwl",200,2024-05-09 16:41:39.952894,2026-06-22 20:10:46,TRUE
"data_files/treering/measurements/europe/brit8.rwl","https://www.ncei.noaa.gov/pub/data/paleo/treering/measurements/europe/brit8.rwl",200,2024-05-10 08:31:46.65892,2026-06-22 20:10:46,TRUE
"data_files/treering/measurements/europe/brit9.rwl","https://www.ncei.noaa.gov/pub/data/paleo/treering/measurements/europe/brit9.rwl",200,2024-05-10 08:31:50.497833,2026-06-22 20:10:48,TRUE
"data_files/treering/measurements/europe/esp085.rwl","https://www.ncei.noaa.gov/pub/data/paleo/treering/measurements/europe/esp085.rwl",200,2024-05-10 15:10:09.167156,2026-06-22 20:11:17,TRUE
"data_files/treering/measurements/europe/esp086.rwl","https://www.ncei.noaa.gov/pub/data/paleo/treering/measurements/europe/esp086.rwl",200,2024-05-10 15:10:10.904423,2026-06-22 20:11:18,TRUE
"data_files/treering/measurements/europe/esp087.rwl","https://www.ncei.noaa.gov/pub/data/paleo/treering/measurements/europe/esp087.rwl",200,2024-05-10 15:10:15.627983,2026-06-22 20:11:19,TRUE
"data_files/treering/measurements/europe/esp089.rwl","https://www.ncei.noaa.gov/pub/data/paleo/treering/measurements/europe/esp089.rwl",200,2024-05-16 15:57:54.240109,2026-06-22 20:11:20,TRUE
"data_files/treering/measurements/europe/finl005.rwl","https://www.ncei.noaa.gov/pub/data/paleo/treering/measurements/europe/finl005.rwl",200,2024-05-15 13:41:31.571726,2024-05-16 13:12:45,TRUE
"data_files/treering/measurements/europe/finl007.rwl","https://www.ncei.noaa.gov/pub/data/paleo/treering/measurements/europe/finl007.rwl",200,2024-05-15 13:40:48.767118,2024-05-16 13:12:56,TRUE
"data_files/treering/measurements/europe/finl008.rwl","https://www.ncei.noaa.gov/pub/data/paleo/treering/measurements/europe/finl008.rwl",200,2024-05-15 13:41:51.075607,2024-05-16 13:13:03,TRUE
"data_files/treering/measurements/europe/finl009.rwl","https://www.ncei.noaa.gov/pub/data/paleo/treering/measurements/europe/finl009.rwl",200,2024-05-15 13:40:57.235921,2024-05-16 13:13:09,TRUE
"data_files/treering/measurements/europe/germ011.rwl","https://www.ncei.noaa.gov/pub/data/paleo/treering/measurements/europe/germ011.rwl",200,2024-05-09 16:25:58.365659,2026-06-22 20:11:35,TRUE
"data_files/treering/measurements/europe/germ036.rwl","https://www.ncei.noaa.gov/pub/data/paleo/treering/measurements/europe/germ036.rwl",200,2024-05-10 12:40:37.728572,2024-05-14 16:39:23,TRUE
"data_files/treering/measurements/europe/germ1.rwl","https://www.ncei.noaa.gov/pub/data/paleo/treering/measurements/europe/germ1.rwl",200,2024-05-09 15:20:22.728955,2026-06-22 20:11:36,TRUE
"data_files/treering/measurements/europe/germ236.rwl","https://www.ncei.noaa.gov/pub/data/paleo/treering/measurements/europe/germ236.rwl",200,2024-05-10 14:33:22.085133,2026-06-22 20:11:37,TRUE
"data_files/treering/measurements/europe/germ6.rwl","https://www.ncei.noaa.gov/pub/data/paleo/treering/measurements/europe/germ6.rwl",200,2024-05-09 16:26:02.624281,2026-06-22 20:11:38,TRUE
"data_files/treering/measurements/europe/ita067.rwl","https://www.ncei.noaa.gov/pub/data/paleo/treering/measurements/europe/ita067.rwl",200,2024-05-10 15:10:34.073919,2026-06-22 20:11:49,TRUE
"data_files/treering/measurements/europe/ita069.rwl","https://www.ncei.noaa.gov/pub/data/paleo/treering/measurements/europe/ita069.rwl",200,2024-05-16 15:57:54.240896,2026-06-22 20:11:50,TRUE
"data_files/treering/measurements/europe/ital017.rwl","https://www.ncei.noaa.gov/pub/data/paleo/treering/measurements/europe/ital017.rwl",200,2024-05-10 08:33:54.128517,2026-06-22 20:11:51,TRUE
"data_files/treering/measurements/europe/ital030.rwl","https://www.ncei.noaa.gov/pub/data/paleo/treering/measurements/europe/ital030.rwl",200,2024-05-10 13:48:26.125906,2026-06-22 20:11:51,TRUE
"data_files/treering/measurements/europe/ital031.rwl","https://www.ncei.noaa.gov/pub/data/paleo/treering/measurements/europe/ital031.rwl",200,2024-05-10 13:48:27.442115,2026-06-22 20:11:52,TRUE
"data_files/treering/measurements/europe/ital032.rwl","https://www.ncei.noaa.gov/pub/data/paleo/treering/measurements/europe/ital032.rwl",200,2024-05-10 13:48:28.660341,2026-06-22 20:11:53,TRUE
"data_files/treering/measurements/europe/ital033.rwl","https://www.ncei.noaa.gov/pub/data/paleo/treering/measurements/europe/ital033.rwl",200,2024-05-10 13:48:29.890415,2026-06-22 20:11:54,TRUE
"data_files/treering/measurements/europe/ital034.rwl","https://www.ncei.noaa.gov/pub/data/paleo/treering/measurements/europe/ital034.rwl",200,2024-05-10 13:48:31.311426,2026-06-22 20:11:55,TRUE
"data_files/treering/measurements/europe/ital035.rwl","https://www.ncei.noaa.gov/pub/data/paleo/treering/measurements/europe/ital035.rwl",200,2024-05-10 13:48:33.195938,2026-06-22 20:11:55,TRUE
"data_files/treering/measurements/europe/ital036.rwl","https://www.ncei.noaa.gov/pub/data/paleo/treering/measurements/europe/ital036.rwl",200,2024-05-10 13:48:34.804583,2026-06-22 20:11:56,TRUE
"data_files/treering/measurements/europe/ital037.rwl","https://www.ncei.noaa.gov/pub/data/paleo/treering/measurements/europe/ital037.rwl",200,2024-05-10 13:48:36.057856,2026-06-22 20:11:57,TRUE
"data_files/treering/measurements/europe/ital038.rwl","https://www.ncei.noaa.gov/pub/data/paleo/treering/measurements/europe/ital038.rwl",200,2024-05-10 13:48:37.382012,2026-06-22 20:11:58,TRUE
"data_files/treering/measurements/europe/ital039.rwl","https://www.ncei.noaa.gov/pub/data/paleo/treering/measurements/europe/ital039.rwl",200,2024-05-10 13:48:39.563883,2026-06-22 20:11:58,TRUE
"data_files/treering/measurements/europe/lith013.rwl","https://www.ncei.noaa.gov/pub/data/paleo/treering/measurements/europe/lith013.rwl",200,2024-05-10 12:36:56.655333,2026-06-22 20:12:09,TRUE
"data_files/treering/measurements/europe/lith021.rwl","https://www.ncei.noaa.gov/pub/data/paleo/treering/measurements/europe/lith021.rwl",200,2024-05-10 13:06:06.407213,2026-06-22 20:12:10,TRUE
"data_files/treering/measurements/europe/neth031.rwl","https://www.ncei.noaa.gov/pub/data/paleo/treering/measurements/europe/neth031.rwl",200,2024-05-09 17:04:04.081095,2024-05-14 16:39:33,TRUE
"data_files/treering/measurements/europe/pola001.rwl","https://www.ncei.noaa.gov/pub/data/paleo/treering/measurements/europe/pola001.rwl",200,2024-05-09 16:27:02.427972,2026-06-22 20:12:43,TRUE
"data_files/treering/measurements/europe/spai013.rwl","https://www.ncei.noaa.gov/pub/data/paleo/treering/measurements/europe/spai013.rwl",200,2024-05-10 12:50:34.106972,2026-06-17 23:29:10,TRUE
"data_files/treering/measurements/europe/spai014.rwl","https://www.ncei.noaa.gov/pub/data/paleo/treering/measurements/europe/spai014.rwl",200,2024-05-10 12:50:37.45819,2026-06-17 23:30:24,TRUE
"data_files/treering/measurements/europe/spai015.rwl","https://www.ncei.noaa.gov/pub/data/paleo/treering/measurements/europe/spai015.rwl",200,2024-05-10 12:50:41.170747,2026-06-17 23:30:38,TRUE
"data_files/treering/measurements/europe/spai078.rwl","https://www.ncei.noaa.gov/pub/data/paleo/treering/measurements/europe/spai078.rwl",200,2024-05-10 14:26:33.639365,2026-06-22 20:14:32,TRUE
"data_files/treering/measurements/europe/spai079.rwl","https://www.ncei.noaa.gov/pub/data/paleo/treering/measurements/europe/spai079.rwl",200,2024-05-10 14:26:35.000676,2026-06-22 20:14:33,TRUE
"data_files/treering/measurements/europe/spai080.rwl","https://www.ncei.noaa.gov/pub/data/paleo/treering/measurements/europe/spai080.rwl",200,2024-05-10 14:26:36.330583,2026-06-22 20:14:34,TRUE
"data_files/treering/measurements/europe/swit194.rwl","https://www.ncei.noaa.gov/pub/data/paleo/treering/measurements/europe/swit194.rwl",200,2024-05-10 13:09:25.125644,2026-06-22 20:12:53,TRUE
"data_files/treering/measurements/europe/swit312.rwl","https://www.ncei.noaa.gov/pub/data/paleo/treering/measurements/europe/swit312.rwl",200,2024-05-15 13:42:12.668663,2024-05-17 14:17:38,TRUE
"data_files/treering/measurements/europe/swit313.rwl","https://www.ncei.noaa.gov/pub/data/paleo/treering/measurements/europe/swit313.rwl",200,2024-05-15 13:42:22.143826,2024-05-17 14:17:39,TRUE
"data_files/treering/measurements/europe/swit361.rwl","https://www.ncei.noaa.gov/pub/data/paleo/treering/measurements/europe/swit361.rwl",200,2024-05-10 13:53:48.009609,2026-06-22 20:12:54,TRUE
"data_files/treering/measurements/europe/tur070.rwl","https://www.ncei.noaa.gov/pub/data/paleo/treering/measurements/europe/tur070.rwl",200,2024-05-10 15:13:11.352298,2026-06-22 20:13:14,TRUE
"data_files/treering/measurements/europe/tur090.rwl","https://www.ncei.noaa.gov/pub/data/paleo/treering/measurements/europe/tur090.rwl",200,2024-05-10 15:13:51.684717,2026-06-22 20:13:15,TRUE
"data_files/treering/measurements/europe/turk048.rwl","https://www.ncei.noaa.gov/pub/data/paleo/treering/measurements/europe/turk048.rwl",200,2024-05-10 14:13:42.284114,2026-06-22 20:13:16,TRUE
"data_files/treering/measurements/europe/turk049.rwl","https://www.ncei.noaa.gov/pub/data/paleo/treering/measurements/europe/turk049.rwl",200,2024-05-10 14:13:46.838847,2026-06-22 20:13:17,TRUE
"data_files/treering/measurements/europe/turk050.rwl","https://www.ncei.noaa.gov/pub/data/paleo/treering/measurements/europe/turk050.rwl",200,2024-05-10 14:13:50.693833,2026-06-22 20:13:18,TRUE
"data_files/treering/measurements/europe/turk051.rwl","https://www.ncei.noaa.gov/pub/data/paleo/treering/measurements/europe/turk051.rwl",200,2024-05-10 14:13:54.587327,2026-06-22 20:13:18,TRUE
"data_files/treering/measurements/europe/turk052.rwl","https://www.ncei.noaa.gov/pub/data/paleo/treering/measurements/europe/turk052.rwl",200,2024-05-10 14:13:58.85144,2026-06-22 20:13:19,TRUE
"data_files/treering/measurements/europe/turk054.rwl","https://www.ncei.noaa.gov/pub/data/paleo/treering/measurements/europe/turk054.rwl",200,2024-05-10 14:14:07.112543,2026-06-22 20:13:20,TRUE
"data_files/treering/measurements/europe/turk055.rwl","https://www.ncei.noaa.gov/pub/data/paleo/treering/measurements/europe/turk055.rwl",200,2024-05-10 14:14:10.866064,2026-06-22 20:13:21,TRUE
"data_files/treering/measurements/northamerica/canada/can678.rwl","https://www.ncei.noaa.gov/pub/data/paleo/treering/measurements/northamerica/canada/can678.rwl",200,2024-05-10 14:56:19.198874,2026-06-22 20:00:23,TRUE
"data_files/treering/measurements/northamerica/canada/can694.rwl","https://www.ncei.noaa.gov/pub/data/paleo/treering/measurements/northamerica/canada/can694.rwl",200,2024-05-10 15:07:00.99412,2024-05-22 21:37:03,TRUE
"data_files/treering/measurements/northamerica/canada/can695.rwl","https://www.ncei.noaa.gov/pub/data/paleo/treering/measurements/northamerica/canada/can695.rwl",200,2024-05-10 15:07:02.827684,2024-05-22 21:37:03,TRUE
"data_files/treering/measurements/northamerica/canada/can696.rwl","https://www.ncei.noaa.gov/pub/data/paleo/treering/measurements/northamerica/canada/can696.rwl",200,2024-05-10 15:07:04.791991,2024-05-22 21:37:04,TRUE
"data_files/treering/measurements/northamerica/canada/can697.rwl","https://www.ncei.noaa.gov/pub/data/paleo/treering/measurements/northamerica/canada/can697.rwl",200,2024-05-10 15:07:07.272459,2024-05-22 21:37:16,TRUE
"data_files/treering/measurements/northamerica/canada/can698.rwl","https://www.ncei.noaa.gov/pub/data/paleo/treering/measurements/northamerica/canada/can698.rwl",200,2024-05-10 15:07:11.570668,2024-05-22 21:37:07,TRUE
"data_files/treering/measurements/northamerica/canada/can699.rwl","https://www.ncei.noaa.gov/pub/data/paleo/treering/measurements/northamerica/canada/can699.rwl",200,2024-05-10 15:07:13.400914,2024-05-22 21:37:07,TRUE
"data_files/treering/measurements/northamerica/canada/can700.rwl","https://www.ncei.noaa.gov/pub/data/paleo/treering/measurements/northamerica/canada/can700.rwl",200,2024-05-10 15:07:15.096896,2024-05-22 21:37:24,TRUE
"data_files/treering/measurements/northamerica/canada/can701.rwl","https://www.ncei.noaa.gov/pub/data/paleo/treering/measurements/northamerica/canada/can701.rwl",200,2024-05-10 15:07:16.830661,2024-05-22 21:37:25,TRUE
"data_files/treering/measurements/northamerica/canada/can702.rwl","https://www.ncei.noaa.gov/pub/data/paleo/treering/measurements/northamerica/canada/can702.rwl",200,2024-05-10 15:07:18.720209,2026-06-22 20:00:24,TRUE
"data_files/treering/measurements/northamerica/canada/can703.rwl","https://www.ncei.noaa.gov/pub/data/paleo/treering/measurements/northamerica/canada/can703.rwl",200,2024-05-10 15:07:21.285419,2024-05-22 21:37:27,TRUE
"data_files/treering/measurements/northamerica/canada/can704.rwl","https://www.ncei.noaa.gov/pub/data/paleo/treering/measurements/northamerica/canada/can704.rwl",200,2024-05-10 15:07:24.314115,2024-05-22 21:37:28,TRUE
"data_files/treering/measurements/northamerica/canada/can705.rwl","https://www.ncei.noaa.gov/pub/data/paleo/treering/measurements/northamerica/canada/can705.rwl",200,2024-05-10 15:07:26.576907,2024-05-22 21:37:29,TRUE
"data_files/treering/measurements/northamerica/canada/can706.rwl","https://www.ncei.noaa.gov/pub/data/paleo/treering/measurements/northamerica/canada/can706.rwl",200,2024-05-10 15:07:28.197818,2024-05-22 21:37:30,TRUE
"data_files/treering/measurements/northamerica/canada/can707.rwl","https://www.ncei.noaa.gov/pub/data/paleo/treering/measurements/northamerica/canada/can707.rwl",200,2024-05-10 15:07:29.799601,2024-05-22 21:37:31,TRUE
"data_files/treering/measurements/northamerica/canada/can708.rwl","https://www.ncei.noaa.gov/pub/data/paleo/treering/measurements/northamerica/canada/can708.rwl",200,2024-05-10 15:07:31.876072,2024-05-22 21:37:33,TRUE
"data_files/treering/measurements/northamerica/canada/can709.rwl","https://www.ncei.noaa.gov/pub/data/paleo/treering/measurements/northamerica/canada/can709.rwl",200,2024-05-10 15:07:34.265516,2024-05-22 21:37:33,TRUE
"data_files/treering/measurements/northamerica/canada/can710.rwl","https://www.ncei.noaa.gov/pub/data/paleo/treering/measurements/northamerica/canada/can710.rwl",200,2024-05-10 15:07:35.986895,2024-05-22 21:37:41,TRUE
"data_files/treering/measurements/northamerica/canada/can711.rwl","https://www.ncei.noaa.gov/pub/data/paleo/treering/measurements/northamerica/canada/can711.rwl",200,2024-05-10 15:07:37.742914,2024-05-22 21:37:42,TRUE
"data_files/treering/measurements/northamerica/canada/can712.rwl","https://www.ncei.noaa.gov/pub/data/paleo/treering/measurements/northamerica/canada/can712.rwl",200,2024-05-10 15:07:39.972489,2025-10-07 23:52:29,TRUE
"data_files/treering/measurements/northamerica/canada/can713.rwl","https://www.ncei.noaa.gov/pub/data/paleo/treering/measurements/northamerica/canada/can713.rwl",200,2024-05-10 15:07:43.458018,2024-05-22 21:37:44,TRUE
"data_files/treering/measurements/northamerica/canada/can714.rwl","https://www.ncei.noaa.gov/pub/data/paleo/treering/measurements/northamerica/canada/can714.rwl",200,2024-05-10 15:07:45.35439,2024-05-22 21:37:45,TRUE
"data_files/treering/measurements/northamerica/canada/can715.rwl","https://www.ncei.noaa.gov/pub/data/paleo/treering/measurements/northamerica/canada/can715.rwl",200,2024-05-10 15:07:47.189051,2024-05-22 21:37:45,TRUE
"data_files/treering/measurements/northamerica/canada/can716.rwl","https://www.ncei.noaa.gov/pub/data/paleo/treering/measurements/northamerica/canada/can716.rwl",200,2024-05-10 15:07:48.805054,2024-05-22 21:37:46,TRUE
"data_files/treering/measurements/northamerica/canada/cana10.rwl","https://www.ncei.noaa.gov/pub/data/paleo/treering/measurements/northamerica/canada/cana10.rwl",200,2024-05-10 08:41:12.423045,2026-06-22 20:00:25,TRUE
"data_files/treering/measurements/northamerica/canada/cana117.rwl","https://www.ncei.noaa.gov/pub/data/paleo/treering/measurements/northamerica/canada/cana117.rwl",200,2024-05-10 12:29:33.150735,2026-06-22 20:00:26,TRUE
"data_files/treering/measurements/northamerica/canada/cana119.rwl","https://www.ncei.noaa.gov/pub/data/paleo/treering/measurements/northamerica/canada/cana119.rwl",200,2024-05-10 12:29:37.505763,2026-06-22 20:00:26,TRUE
"data_files/treering/measurements/northamerica/canada/cana121.rwl","https://www.ncei.noaa.gov/pub/data/paleo/treering/measurements/northamerica/canada/cana121.rwl",200,2024-05-10 12:29:41.824189,2026-06-22 20:00:27,TRUE
"data_files/treering/measurements/northamerica/canada/cana123.rwl","https://www.ncei.noaa.gov/pub/data/paleo/treering/measurements/northamerica/canada/cana123.rwl",200,2024-05-10 12:29:46.775095,2026-06-22 20:00:28,TRUE
"data_files/treering/measurements/northamerica/canada/cana125.rwl","https://www.ncei.noaa.gov/pub/data/paleo/treering/measurements/northamerica/canada/cana125.rwl",200,2024-05-10 12:29:51.20445,2026-06-22 20:00:29,TRUE
"data_files/treering/measurements/northamerica/canada/cana129.rwl","https://www.ncei.noaa.gov/pub/data/paleo/treering/measurements/northamerica/canada/cana129.rwl",200,2024-05-09 17:01:29.684546,2026-06-22 20:00:29,TRUE
"data_files/treering/measurements/northamerica/canada/cana130.rwl","https://www.ncei.noaa.gov/pub/data/paleo/treering/measurements/northamerica/canada/cana130.rwl",200,2024-05-09 17:01:26.527811,2026-06-22 20:00:30,TRUE
"data_files/treering/measurements/northamerica/canada/cana131.rwl","https://www.ncei.noaa.gov/pub/data/paleo/treering/measurements/northamerica/canada/cana131.rwl",200,2024-05-09 17:01:17.772525,2026-06-22 20:00:31,TRUE
"data_files/treering/measurements/northamerica/canada/cana133.rwl","https://www.ncei.noaa.gov/pub/data/paleo/treering/measurements/northamerica/canada/cana133.rwl",200,2024-05-09 17:01:20.709715,2026-06-22 20:00:32,TRUE
"data_files/treering/measurements/northamerica/canada/cana135.rwl","https://www.ncei.noaa.gov/pub/data/paleo/treering/measurements/northamerica/canada/cana135.rwl",200,2024-05-09 17:03:48.481036,2026-06-22 20:00:32,TRUE
"data_files/treering/measurements/northamerica/canada/cana136.rwl","https://www.ncei.noaa.gov/pub/data/paleo/treering/measurements/northamerica/canada/cana136.rwl",200,2024-05-09 17:03:31.815254,2026-06-22 20:00:33,TRUE
"data_files/treering/measurements/northamerica/canada/cana137.rwl","https://www.ncei.noaa.gov/pub/data/paleo/treering/measurements/northamerica/canada/cana137.rwl",200,2024-05-09 17:03:44.204797,2026-06-22 20:00:34,TRUE
"data_files/treering/measurements/northamerica/canada/cana138.rwl","https://www.ncei.noaa.gov/pub/data/paleo/treering/measurements/northamerica/canada/cana138.rwl",200,2024-05-10 12:29:25.718997,2026-06-22 20:00:35,TRUE
"data_files/treering/measurements/northamerica/canada/cana145.rwl","https://www.ncei.noaa.gov/pub/data/paleo/treering/measurements/northamerica/canada/cana145.rwl",200,2024-05-09 17:01:50.455624,2026-06-22 20:00:36,TRUE
"data_files/treering/measurements/northamerica/canada/cana146.rwl","https://www.ncei.noaa.gov/pub/data/paleo/treering/measurements/northamerica/canada/cana146.rwl",200,2024-05-10 08:34:00.455524,2026-06-22 20:00:36,TRUE
"data_files/treering/measurements/northamerica/canada/cana154.rwl","https://www.ncei.noaa.gov/pub/data/paleo/treering/measurements/northamerica/canada/cana154.rwl",200,2024-05-09 16:48:00.766847,2026-06-22 20:00:37,TRUE
"data_files/treering/measurements/northamerica/canada/cana155.rwl","https://www.ncei.noaa.gov/pub/data/paleo/treering/measurements/northamerica/canada/cana155.rwl",200,2024-05-09 16:48:15.458421,2026-06-22 20:00:38,TRUE
"data_files/treering/measurements/northamerica/canada/cana159.rwl","https://www.ncei.noaa.gov/pub/data/paleo/treering/measurements/northamerica/canada/cana159.rwl",200,2024-05-09 16:47:47.565853,2026-06-22 20:00:39,TRUE
"data_files/treering/measurements/northamerica/canada/cana168e.rwl","https://www.ncei.noaa.gov/pub/data/paleo/treering/measurements/northamerica/canada/cana168e.rwl",200,2024-05-10 09:57:11.441499,2025-07-22 17:25:48,TRUE
"data_files/treering/measurements/northamerica/canada/cana168i.rwl","https://www.ncei.noaa.gov/pub/data/paleo/treering/measurements/northamerica/canada/cana168i.rwl",200,2024-05-10 09:57:10.122713,2025-07-22 17:26:20,TRUE
"data_files/treering/measurements/northamerica/canada/cana168l.rwl","https://www.ncei.noaa.gov/pub/data/paleo/treering/measurements/northamerica/canada/cana168l.rwl",200,2024-05-10 09:57:08.542665,2025-07-22 17:26:06,TRUE
"data_files/treering/measurements/northamerica/canada/cana168n.rwl","https://www.ncei.noaa.gov/pub/data/paleo/treering/measurements/northamerica/canada/cana168n.rwl",200,2024-05-10 09:57:07.357491,2025-07-22 17:26:31,TRUE
"data_files/treering/measurements/northamerica/canada/cana168t.rwl","https://www.ncei.noaa.gov/pub/data/paleo/treering/measurements/northamerica/canada/cana168t.rwl",200,2024-05-10 09:57:06.461407,2025-07-22 17:26:44,TRUE
"data_files/treering/measurements/northamerica/canada/cana168w.rwl","https://www.ncei.noaa.gov/pub/data/paleo/treering/measurements/northamerica/canada/cana168w.rwl",200,2024-05-10 09:57:05.623176,2025-07-22 17:26:55,TRUE
"data_files/treering/measurements/northamerica/canada/cana168x.rwl","https://www.ncei.noaa.gov/pub/data/paleo/treering/measurements/northamerica/canada/cana168x.rwl",200,2024-05-10 09:57:04.761584,2025-07-22 17:27:07,TRUE
"data_files/treering/measurements/northamerica/canada/cana176.rwl","https://www.ncei.noaa.gov/pub/data/paleo/treering/measurements/northamerica/canada/cana176.rwl",200,2024-05-10 12:07:17.71615,2026-06-22 20:00:40,TRUE
"data_files/treering/measurements/northamerica/canada/cana220.rwl","https://www.ncei.noaa.gov/pub/data/paleo/treering/measurements/northamerica/canada/cana220.rwl",200,2024-05-09 17:03:56.57332,2026-06-22 20:00:40,TRUE
"data_files/treering/measurements/northamerica/canada/cana221.rwl","https://www.ncei.noaa.gov/pub/data/paleo/treering/measurements/northamerica/canada/cana221.rwl",200,2024-05-09 17:03:22.422349,2026-06-22 20:00:41,TRUE
"data_files/treering/measurements/northamerica/canada/cana222.rwl","https://www.ncei.noaa.gov/pub/data/paleo/treering/measurements/northamerica/canada/cana222.rwl",200,2024-05-09 17:03:27.05741,2026-06-22 20:00:42,TRUE
"data_files/treering/measurements/northamerica/canada/cana308.rwl","https://www.ncei.noaa.gov/pub/data/paleo/treering/measurements/northamerica/canada/cana308.rwl",200,2024-05-10 13:14:01.648352,2026-06-22 20:00:43,TRUE
"data_files/treering/measurements/northamerica/canada/cana318.rwl","https://www.ncei.noaa.gov/pub/data/paleo/treering/measurements/northamerica/canada/cana318.rwl",200,2024-05-10 13:14:33.773859,2026-06-22 20:00:44,TRUE
"data_files/treering/measurements/northamerica/canada/cana319.rwl","https://www.ncei.noaa.gov/pub/data/paleo/treering/measurements/northamerica/canada/cana319.rwl",200,2024-05-10 13:14:42.151092,2026-06-22 20:00:45,TRUE
"data_files/treering/measurements/northamerica/canada/cana321.rwl","https://www.ncei.noaa.gov/pub/data/paleo/treering/measurements/northamerica/canada/cana321.rwl",200,2024-05-10 13:14:47.719146,2026-06-22 20:00:46,TRUE
"data_files/treering/measurements/northamerica/canada/cana409.rwl","https://www.ncei.noaa.gov/pub/data/paleo/treering/measurements/northamerica/canada/cana409.rwl",200,2024-05-10 13:43:46.00365,2026-06-22 20:00:46,TRUE
"data_files/treering/measurements/northamerica/canada/cana424.rwl","https://www.ncei.noaa.gov/pub/data/paleo/treering/measurements/northamerica/canada/cana424.rwl",200,2024-05-10 13:44:10.258042,2026-06-22 20:00:47,TRUE
"data_files/treering/measurements/northamerica/canada/cana464.rwl","https://www.ncei.noaa.gov/pub/data/paleo/treering/measurements/northamerica/canada/cana464.rwl",200,2024-05-10 13:59:06.407604,2026-06-22 20:00:48,TRUE
"data_files/treering/measurements/northamerica/canada/cana467.rwl","https://www.ncei.noaa.gov/pub/data/paleo/treering/measurements/northamerica/canada/cana467.rwl",200,2024-05-10 13:59:11.167359,2026-06-22 20:00:49,TRUE
"data_files/treering/measurements/northamerica/canada/cana468.rwl","https://www.ncei.noaa.gov/pub/data/paleo/treering/measurements/northamerica/canada/cana468.rwl",200,2024-05-10 13:59:12.696436,2026-06-22 20:00:50,TRUE
"data_files/treering/measurements/northamerica/canada/cana577.rwl","https://www.ncei.noaa.gov/pub/data/paleo/treering/measurements/northamerica/canada/cana577.rwl",200,2024-05-10 14:22:04.740634,2026-06-22 20:00:50,TRUE
"data_files/treering/measurements/northamerica/canada/cana640.rwl","https://www.ncei.noaa.gov/pub/data/paleo/treering/measurements/northamerica/canada/cana640.rwl",200,2024-05-10 14:45:51.095649,2026-06-22 20:00:52,TRUE
"data_files/treering/measurements/northamerica/canada/cana7rw.rwl","https://www.ncei.noaa.gov/pub/data/paleo/treering/measurements/northamerica/canada/cana7rw.rwl",200,2024-05-09 16:06:14.434047,2026-06-22 20:00:53,TRUE
"data_files/treering/measurements/northamerica/canada/cana8rw.rwl","https://www.ncei.noaa.gov/pub/data/paleo/treering/measurements/northamerica/canada/cana8rw.rwl",200,2024-05-09 16:06:24.677809,2026-06-22 20:00:53,TRUE
"data_files/treering/measurements/northamerica/canada/cana9.rwl","https://www.ncei.noaa.gov/pub/data/paleo/treering/measurements/northamerica/canada/cana9.rwl",200,2024-05-10 08:41:15.372662,2026-06-22 20:00:54,TRUE
"data_files/treering/measurements/northamerica/mexico/mex117.rwl","https://www.ncei.noaa.gov/pub/data/paleo/treering/measurements/northamerica/mexico/mex117.rwl",200,2024-05-10 14:48:14.529351,2026-06-22 20:01:24,TRUE
"data_files/treering/measurements/northamerica/mexico/mexi001.rwl","https://www.ncei.noaa.gov/pub/data/paleo/treering/measurements/northamerica/mexico/mexi001.rwl",200,2024-05-10 12:27:11.213829,2024-05-23 15:41:52,TRUE
"data_files/treering/measurements/northamerica/mexico/mexi019.rwl","https://www.ncei.noaa.gov/pub/data/paleo/treering/measurements/northamerica/mexico/mexi019.rwl",200,2024-05-09 15:22:32.973152,2026-06-22 20:01:30,TRUE
"data_files/treering/measurements/northamerica/mexico/mexi025.rwl","https://www.ncei.noaa.gov/pub/data/paleo/treering/measurements/northamerica/mexico/mexi025.rwl",200,2024-05-10 12:11:21.548807,2026-06-22 20:01:31,TRUE
"data_files/treering/measurements/northamerica/mexico/mexi029.rwl","https://www.ncei.noaa.gov/pub/data/paleo/treering/measurements/northamerica/mexico/mexi029.rwl",200,2024-05-10 12:12:48.999341,2024-05-22 15:10:50,TRUE
"data_files/treering/measurements/northamerica/mexico/mexi037.rwl","https://www.ncei.noaa.gov/pub/data/paleo/treering/measurements/northamerica/mexico/mexi037.rwl",200,2024-05-10 12:22:51.432699,2024-05-22 15:11:26,TRUE
"data_files/treering/measurements/northamerica/mexico/mexi037e.rwl","https://www.ncei.noaa.gov/pub/data/paleo/treering/measurements/northamerica/mexico/mexi037e.rwl",200,2024-05-10 12:22:48.596322,2024-08-21 15:16:31,TRUE
"data_files/treering/measurements/northamerica/mexico/mexi037l.rwl","https://www.ncei.noaa.gov/pub/data/paleo/treering/measurements/northamerica/mexico/mexi037l.rwl",200,2024-05-10 12:22:45.792687,2024-08-21 15:16:42,TRUE
"data_files/treering/measurements/northamerica/mexico/mexi038.rwl","https://www.ncei.noaa.gov/pub/data/paleo/treering/measurements/northamerica/mexico/mexi038.rwl",200,2024-05-10 13:05:55.026609,2024-05-22 17:39:21,TRUE
"data_files/treering/measurements/northamerica/mexico/mexi041.rwl","https://www.ncei.noaa.gov/pub/data/paleo/treering/measurements/northamerica/mexico/mexi041.rwl",200,2024-05-10 13:04:17.163557,2024-05-22 17:39:46,TRUE
"data_files/treering/measurements/northamerica/mexico/mexi042.rwl","https://www.ncei.noaa.gov/pub/data/paleo/treering/measurements/northamerica/mexico/mexi042.rwl",200,2024-05-10 12:57:33.288966,2024-05-22 17:40:13,TRUE
"data_files/treering/measurements/northamerica/mexico/mexi042e.rwl","https://www.ncei.noaa.gov/pub/data/paleo/treering/measurements/northamerica/mexico/mexi042e.rwl",200,2024-05-10 12:57:32.169313,2024-08-21 15:15:34,TRUE
"data_files/treering/measurements/northamerica/mexico/mexi042l.rwl","https://www.ncei.noaa.gov/pub/data/paleo/treering/measurements/northamerica/mexico/mexi042l.rwl",200,2024-05-10 12:57:30.576463,2024-08-21 15:15:25,TRUE
"data_files/treering/measurements/northamerica/mexico/mexi044.rwl","https://www.ncei.noaa.gov/pub/data/paleo/treering/measurements/northamerica/mexico/mexi044.rwl",200,2024-05-10 13:02:23.979578,2024-05-22 17:40:37,TRUE
"data_files/treering/measurements/northamerica/mexico/mexi044e.rwl","https://www.ncei.noaa.gov/pub/data/paleo/treering/measurements/northamerica/mexico/mexi044e.rwl",200,2024-05-10 13:02:19.922371,2024-08-21 15:14:30,TRUE
"data_files/treering/measurements/northamerica/mexico/mexi044l.rwl","https://www.ncei.noaa.gov/pub/data/paleo/treering/measurements/northamerica/mexico/mexi044l.rwl",200,2024-05-10 13:02:15.462017,2024-08-21 15:14:47,TRUE
"data_files/treering/measurements/northamerica/mexico/mexi045.rwl","https://www.ncei.noaa.gov/pub/data/paleo/treering/measurements/northamerica/mexico/mexi045.rwl",200,2024-05-10 13:02:44.415462,2024-05-22 17:41:02,TRUE
"data_files/treering/measurements/northamerica/mexico/mexi045e.rwl","https://www.ncei.noaa.gov/pub/data/paleo/treering/measurements/northamerica/mexico/mexi045e.rwl",200,2024-05-10 13:02:39.960791,2024-08-21 15:13:53,TRUE
"data_files/treering/measurements/northamerica/mexico/mexi045l.rwl","https://www.ncei.noaa.gov/pub/data/paleo/treering/measurements/northamerica/mexico/mexi045l.rwl",200,2024-05-10 13:02:35.640447,2024-08-21 15:13:42,TRUE
"data_files/treering/measurements/northamerica/mexico/mexi046.rwl","https://www.ncei.noaa.gov/pub/data/paleo/treering/measurements/northamerica/mexico/mexi046.rwl",200,2024-05-10 13:05:46.330265,2024-05-22 17:41:38,TRUE
"data_files/treering/measurements/northamerica/mexico/mexi046e.rwl","https://www.ncei.noaa.gov/pub/data/paleo/treering/measurements/northamerica/mexico/mexi046e.rwl",200,2024-05-10 13:05:44.745665,2024-08-21 15:11:57,TRUE
"data_files/treering/measurements/northamerica/mexico/mexi046l.rwl","https://www.ncei.noaa.gov/pub/data/paleo/treering/measurements/northamerica/mexico/mexi046l.rwl",200,2024-05-10 13:05:43.12956,2024-08-21 15:12:08,TRUE
"data_files/treering/measurements/northamerica/mexico/mexi047.rwl","https://www.ncei.noaa.gov/pub/data/paleo/treering/measurements/northamerica/mexico/mexi047.rwl",200,2024-05-10 13:18:33.624063,2024-05-22 17:42:04,TRUE
"data_files/treering/measurements/northamerica/usa/ak015.rwl","https://www.ncei.noaa.gov/pub/data/paleo/treering/measurements/northamerica/usa/ak015.rwl",200,2024-05-10 12:38:50.375459,2026-06-22 19:59:03,TRUE
"data_files/treering/measurements/northamerica/usa/ak021.rwl","https://www.ncei.noaa.gov/pub/data/paleo/treering/measurements/northamerica/usa/ak021.rwl",200,2024-05-10 12:39:06.384088,2026-06-22 19:59:04,TRUE
"data_files/treering/measurements/northamerica/usa/ak053.rwl","https://www.ncei.noaa.gov/pub/data/paleo/treering/measurements/northamerica/usa/ak053.rwl",200,2024-05-15 13:23:59.713236,2024-05-17 14:16:48,TRUE
"data_files/treering/measurements/northamerica/usa/ak059.rwl","https://www.ncei.noaa.gov/pub/data/paleo/treering/measurements/northamerica/usa/ak059.rwl",200,2024-05-09 16:18:08.030258,2026-06-22 19:59:04,TRUE
"data_files/treering/measurements/northamerica/usa/ak105.rwl","https://www.ncei.noaa.gov/pub/data/paleo/treering/measurements/northamerica/usa/ak105.rwl",200,2024-05-10 13:13:06.276519,2026-06-22 19:59:05,TRUE
"data_files/treering/measurements/northamerica/usa/ak106.rwl","https://www.ncei.noaa.gov/pub/data/paleo/treering/measurements/northamerica/usa/ak106.rwl",200,2024-05-10 13:13:08.875544,2026-06-22 19:59:06,TRUE
"data_files/treering/measurements/northamerica/usa/ak110.rwl","https://www.ncei.noaa.gov/pub/data/paleo/treering/measurements/northamerica/usa/ak110.rwl",200,2024-05-10 13:13:19.876291,2026-06-22 19:59:07,TRUE
"data_files/treering/measurements/northamerica/usa/ak127.rwl","https://www.ncei.noaa.gov/pub/data/paleo/treering/measurements/northamerica/usa/ak127.rwl",200,2024-05-10 13:33:51.312073,2026-06-22 19:59:07,TRUE
"data_files/treering/measurements/northamerica/usa/ak159.rwl","https://www.ncei.noaa.gov/pub/data/paleo/treering/measurements/northamerica/usa/ak159.rwl",200,2024-05-10 14:17:00.229848,2024-05-15 18:54:23,TRUE
"data_files/treering/measurements/northamerica/usa/ak193.rwl","https://www.ncei.noaa.gov/pub/data/paleo/treering/measurements/northamerica/usa/ak193.rwl",200,2024-05-10 14:54:15.959463,2026-06-22 19:59:08,TRUE
"data_files/treering/measurements/northamerica/usa/al002.rwl","https://www.ncei.noaa.gov/pub/data/paleo/treering/measurements/northamerica/usa/al002.rwl",200,2024-05-09 16:59:16.11148,2026-06-22 19:59:09,TRUE
"data_files/treering/measurements/northamerica/usa/ar030.rwl","https://www.ncei.noaa.gov/pub/data/paleo/treering/measurements/northamerica/usa/ar030.rwl",200,2024-05-10 12:14:22.01137,2026-06-25 18:27:09,TRUE
"data_files/treering/measurements/northamerica/usa/ar033.rwl","https://www.ncei.noaa.gov/pub/data/paleo/treering/measurements/northamerica/usa/ar033.rwl",200,2024-05-10 12:21:34.417155,2026-06-25 18:27:17,TRUE
"data_files/treering/measurements/northamerica/usa/az591.rwl","https://www.ncei.noaa.gov/pub/data/paleo/treering/measurements/northamerica/usa/az591.rwl",200,2024-05-10 14:09:33.876741,2026-06-22 19:59:11,TRUE
"data_files/treering/measurements/northamerica/usa/ca598.rwl","https://www.ncei.noaa.gov/pub/data/paleo/treering/measurements/northamerica/usa/ca598.rwl",200,2024-05-09 15:22:51.650193,2026-06-22 19:59:11,TRUE
"data_files/treering/measurements/northamerica/usa/ca600.rwl","https://www.ncei.noaa.gov/pub/data/paleo/treering/measurements/northamerica/usa/ca600.rwl",200,2024-05-09 15:22:56.010444,2026-06-22 19:59:12,TRUE
"data_files/treering/measurements/northamerica/usa/ca601.rwl","https://www.ncei.noaa.gov/pub/data/paleo/treering/measurements/northamerica/usa/ca601.rwl",200,2024-05-09 15:22:58.120831,2026-06-22 19:59:13,TRUE
"data_files/treering/measurements/northamerica/usa/ca614.rwl","https://www.ncei.noaa.gov/pub/data/paleo/treering/measurements/northamerica/usa/ca614.rwl",200,2024-05-10 12:07:51.504921,2024-05-21 22:30:26,TRUE
"data_files/treering/measurements/northamerica/usa/ca615.rwl","https://www.ncei.noaa.gov/pub/data/paleo/treering/measurements/northamerica/usa/ca615.rwl",200,2024-05-10 12:10:53.279803,2024-05-22 13:29:29,TRUE
"data_files/treering/measurements/northamerica/usa/ca616.rwl","https://www.ncei.noaa.gov/pub/data/paleo/treering/measurements/northamerica/usa/ca616.rwl",200,2024-05-10 12:11:35.811575,2024-05-22 13:32:14,TRUE
"data_files/treering/measurements/northamerica/usa/ca618.rwl","https://www.ncei.noaa.gov/pub/data/paleo/treering/measurements/northamerica/usa/ca618.rwl",200,2024-05-10 12:13:12.387362,2024-05-22 13:32:55,TRUE
"data_files/treering/measurements/northamerica/usa/ca619.rwl","https://www.ncei.noaa.gov/pub/data/paleo/treering/measurements/northamerica/usa/ca619.rwl",200,2024-05-10 12:13:18.120319,2024-05-22 13:36:59,TRUE
"data_files/treering/measurements/northamerica/usa/ca620.rwl","https://www.ncei.noaa.gov/pub/data/paleo/treering/measurements/northamerica/usa/ca620.rwl",200,2024-05-10 12:13:25.31473,2024-05-22 13:37:32,TRUE
"data_files/treering/measurements/northamerica/usa/ca621.rwl","https://www.ncei.noaa.gov/pub/data/paleo/treering/measurements/northamerica/usa/ca621.rwl",200,2024-05-10 12:14:54.682375,2024-05-22 13:38:02,TRUE
"data_files/treering/measurements/northamerica/usa/ca623.rwl","https://www.ncei.noaa.gov/pub/data/paleo/treering/measurements/northamerica/usa/ca623.rwl",200,2024-05-10 12:18:11.775058,2024-05-22 13:38:30,TRUE
"data_files/treering/measurements/northamerica/usa/ca625.rwl","https://www.ncei.noaa.gov/pub/data/paleo/treering/measurements/northamerica/usa/ca625.rwl",200,2024-05-10 12:19:36.993688,2024-05-22 13:38:56,TRUE
"data_files/treering/measurements/northamerica/usa/ca626.rwl","https://www.ncei.noaa.gov/pub/data/paleo/treering/measurements/northamerica/usa/ca626.rwl",200,2024-05-10 12:20:10.944834,2024-05-22 13:39:23,TRUE
"data_files/treering/measurements/northamerica/usa/ca645.rwl","https://www.ncei.noaa.gov/pub/data/paleo/treering/measurements/northamerica/usa/ca645.rwl",200,2024-05-10 13:03:49.304415,2024-05-22 13:44:58,TRUE
"data_files/treering/measurements/northamerica/usa/ca646.rwl","https://www.ncei.noaa.gov/pub/data/paleo/treering/measurements/northamerica/usa/ca646.rwl",200,2024-05-10 13:04:09.49707,2024-05-22 13:45:22,TRUE
"data_files/treering/measurements/northamerica/usa/ca647.rwl","https://www.ncei.noaa.gov/pub/data/paleo/treering/measurements/northamerica/usa/ca647.rwl",200,2024-05-10 13:04:44.091848,2024-05-22 13:46:07,TRUE
"data_files/treering/measurements/northamerica/usa/ca648.rwl","https://www.ncei.noaa.gov/pub/data/paleo/treering/measurements/northamerica/usa/ca648.rwl",200,2024-05-10 13:01:47.151212,2025-04-04 21:18:05,TRUE
"data_files/treering/measurements/northamerica/usa/ca649.rwl","https://www.ncei.noaa.gov/pub/data/paleo/treering/measurements/northamerica/usa/ca649.rwl",200,2024-05-10 13:01:51.227035,2024-05-22 13:46:54,TRUE
"data_files/treering/measurements/northamerica/usa/ca650.rwl","https://www.ncei.noaa.gov/pub/data/paleo/treering/measurements/northamerica/usa/ca650.rwl",200,2024-05-10 13:04:20.701169,2024-05-22 13:47:59,TRUE
"data_files/treering/measurements/northamerica/usa/ca651.rwl","https://www.ncei.noaa.gov/pub/data/paleo/treering/measurements/northamerica/usa/ca651.rwl",200,2024-05-10 13:03:02.239103,2024-05-22 13:48:34,TRUE
"data_files/treering/measurements/northamerica/usa/ca652.rwl","https://www.ncei.noaa.gov/pub/data/paleo/treering/measurements/northamerica/usa/ca652.rwl",200,2024-05-10 13:03:07.231566,2024-05-22 13:48:54,TRUE
"data_files/treering/measurements/northamerica/usa/ca653.rwl","https://www.ncei.noaa.gov/pub/data/paleo/treering/measurements/northamerica/usa/ca653.rwl",200,2024-05-10 13:02:56.50601,2024-05-22 13:49:19,TRUE
"data_files/treering/measurements/northamerica/usa/ca654.rwl","https://www.ncei.noaa.gov/pub/data/paleo/treering/measurements/northamerica/usa/ca654.rwl",200,2024-05-10 13:03:12.250073,2024-05-22 13:49:47,TRUE
"data_files/treering/measurements/northamerica/usa/ca655.rwl","https://www.ncei.noaa.gov/pub/data/paleo/treering/measurements/northamerica/usa/ca655.rwl",200,2024-05-10 13:03:17.094647,2024-05-22 13:50:11,TRUE
"data_files/treering/measurements/northamerica/usa/ca656.rwl","https://www.ncei.noaa.gov/pub/data/paleo/treering/measurements/northamerica/usa/ca656.rwl",200,2024-05-10 13:03:21.691963,2024-05-22 13:50:55,TRUE
"data_files/treering/measurements/northamerica/usa/ca657.rwl","https://www.ncei.noaa.gov/pub/data/paleo/treering/measurements/northamerica/usa/ca657.rwl",200,2024-05-10 13:03:34.090525,2024-05-22 14:49:43,TRUE
"data_files/treering/measurements/northamerica/usa/ca658.rwl","https://www.ncei.noaa.gov/pub/data/paleo/treering/measurements/northamerica/usa/ca658.rwl",200,2024-05-10 13:04:24.414747,2024-05-22 14:50:03,TRUE
"data_files/treering/measurements/northamerica/usa/ca659.rwl","https://www.ncei.noaa.gov/pub/data/paleo/treering/measurements/northamerica/usa/ca659.rwl",200,2024-05-10 13:03:57.408896,2024-05-22 14:50:24,TRUE
"data_files/treering/measurements/northamerica/usa/ca660.rwl","https://www.ncei.noaa.gov/pub/data/paleo/treering/measurements/northamerica/usa/ca660.rwl",200,2024-05-10 13:03:43.713924,2024-05-22 14:50:44,TRUE
"data_files/treering/measurements/northamerica/usa/ca661.rwl","https://www.ncei.noaa.gov/pub/data/paleo/treering/measurements/northamerica/usa/ca661.rwl",200,2024-05-10 13:03:53.43394,2024-05-22 14:51:02,TRUE
"data_files/treering/measurements/northamerica/usa/ca662.rwl","https://www.ncei.noaa.gov/pub/data/paleo/treering/measurements/northamerica/usa/ca662.rwl",200,2024-05-10 13:04:01.498339,2024-05-22 14:51:21,TRUE
"data_files/treering/measurements/northamerica/usa/ca663.rwl","https://www.ncei.noaa.gov/pub/data/paleo/treering/measurements/northamerica/usa/ca663.rwl",200,2024-05-10 13:04:05.512408,2024-05-22 14:51:43,TRUE
"data_files/treering/measurements/northamerica/usa/ca664.rwl","https://www.ncei.noaa.gov/pub/data/paleo/treering/measurements/northamerica/usa/ca664.rwl",200,2024-05-10 13:04:14.028237,2024-05-22 14:52:03,TRUE
"data_files/treering/measurements/northamerica/usa/ca665.rwl","https://www.ncei.noaa.gov/pub/data/paleo/treering/measurements/northamerica/usa/ca665.rwl",200,2024-05-10 13:04:28.477827,2024-05-22 14:52:33,TRUE
"data_files/treering/measurements/northamerica/usa/ca681.rwl","https://www.ncei.noaa.gov/pub/data/paleo/treering/measurements/northamerica/usa/ca681.rwl",200,2024-05-10 13:42:25.803382,2026-06-22 19:59:14,TRUE
"data_files/treering/measurements/northamerica/usa/ca682.rwl","https://www.ncei.noaa.gov/pub/data/paleo/treering/measurements/northamerica/usa/ca682.rwl",200,2024-05-10 13:42:27.185455,2026-06-22 19:59:14,TRUE
"data_files/treering/measurements/northamerica/usa/ca683.rwl","https://www.ncei.noaa.gov/pub/data/paleo/treering/measurements/northamerica/usa/ca683.rwl",200,2024-05-10 13:42:28.509628,2026-06-22 19:59:15,TRUE
"data_files/treering/measurements/northamerica/usa/ca684.rwl","https://www.ncei.noaa.gov/pub/data/paleo/treering/measurements/northamerica/usa/ca684.rwl",200,2024-05-10 13:42:29.843595,2026-06-22 19:59:15,TRUE
"data_files/treering/measurements/northamerica/usa/ca685.rwl","https://www.ncei.noaa.gov/pub/data/paleo/treering/measurements/northamerica/usa/ca685.rwl",200,2024-05-10 13:42:31.159273,2026-06-22 19:59:16,TRUE
"data_files/treering/measurements/northamerica/usa/ca688.rwl","https://www.ncei.noaa.gov/pub/data/paleo/treering/measurements/northamerica/usa/ca688.rwl",200,2024-05-10 13:55:38.490798,2024-05-22 14:53:02,TRUE
"data_files/treering/measurements/northamerica/usa/ca689.rwl","https://www.ncei.noaa.gov/pub/data/paleo/treering/measurements/northamerica/usa/ca689.rwl",200,2024-05-10 13:55:40.04603,2024-05-22 14:53:23,TRUE
"data_files/treering/measurements/northamerica/usa/ca730.rwl","https://www.ncei.noaa.gov/pub/data/paleo/treering/measurements/northamerica/usa/ca730.rwl",200,2024-05-10 15:08:35.29254,2024-08-29 19:12:51,TRUE
"data_files/treering/measurements/northamerica/usa/ca731.rwl","https://www.ncei.noaa.gov/pub/data/paleo/treering/measurements/northamerica/usa/ca731.rwl",200,2024-05-10 15:08:39.05845,2024-08-29 19:13:02,TRUE
"data_files/treering/measurements/northamerica/usa/ca732.rwl","https://www.ncei.noaa.gov/pub/data/paleo/treering/measurements/northamerica/usa/ca732.rwl",200,2024-05-10 15:08:41.263591,2024-08-29 19:13:15,TRUE
"data_files/treering/measurements/northamerica/usa/ca733.rwl","https://www.ncei.noaa.gov/pub/data/paleo/treering/measurements/northamerica/usa/ca733.rwl",200,2024-05-10 15:08:43.447266,2024-08-29 19:13:26,TRUE
"data_files/treering/measurements/northamerica/usa/ca734.rwl","https://www.ncei.noaa.gov/pub/data/paleo/treering/measurements/northamerica/usa/ca734.rwl",200,2024-05-10 15:08:45.438089,2024-08-29 19:13:36,TRUE
"data_files/treering/measurements/northamerica/usa/ca735.rwl","https://www.ncei.noaa.gov/pub/data/paleo/treering/measurements/northamerica/usa/ca735.rwl",200,2024-05-10 15:08:47.506811,2024-08-29 19:13:46,TRUE
"data_files/treering/measurements/northamerica/usa/co628.rwl","https://www.ncei.noaa.gov/pub/data/paleo/treering/measurements/northamerica/usa/co628.rwl",200,2024-05-10 12:46:02.629533,2024-05-14 16:38:28,TRUE
"data_files/treering/measurements/northamerica/usa/co633.rwl","https://www.ncei.noaa.gov/pub/data/paleo/treering/measurements/northamerica/usa/co633.rwl",200,2024-05-10 12:51:19.129564,2026-06-22 19:59:17,TRUE
"data_files/treering/measurements/northamerica/usa/co634.rwl","https://www.ncei.noaa.gov/pub/data/paleo/treering/measurements/northamerica/usa/co634.rwl",200,2024-05-10 12:51:22.892164,2026-06-22 19:59:18,TRUE
"data_files/treering/measurements/northamerica/usa/co635.rwl","https://www.ncei.noaa.gov/pub/data/paleo/treering/measurements/northamerica/usa/co635.rwl",200,2024-05-10 12:51:15.224886,2026-06-22 19:59:19,TRUE
"data_files/treering/measurements/northamerica/usa/co650.rwl","https://www.ncei.noaa.gov/pub/data/paleo/treering/measurements/northamerica/usa/co650.rwl",200,2024-05-10 13:16:18.363161,2026-06-22 15:10:51,TRUE
"data_files/treering/measurements/northamerica/usa/co651.rwl","https://www.ncei.noaa.gov/pub/data/paleo/treering/measurements/northamerica/usa/co651.rwl",200,2024-05-10 13:58:05.147144,2024-05-22 15:07:03,TRUE
"data_files/treering/measurements/northamerica/usa/co651e.rwl","https://www.ncei.noaa.gov/pub/data/paleo/treering/measurements/northamerica/usa/co651e.rwl",200,2024-05-10 13:58:01.21313,2024-08-21 15:18:55,TRUE
"data_files/treering/measurements/northamerica/usa/co651l.rwl","https://www.ncei.noaa.gov/pub/data/paleo/treering/measurements/northamerica/usa/co651l.rwl",200,2024-05-10 13:57:57.029009,2024-08-21 15:18:46,TRUE
"data_files/treering/measurements/northamerica/usa/co652.rwl","https://www.ncei.noaa.gov/pub/data/paleo/treering/measurements/northamerica/usa/co652.rwl",200,2024-05-10 13:58:22.177077,2024-05-22 15:07:40,TRUE
"data_files/treering/measurements/northamerica/usa/co652e.rwl","https://www.ncei.noaa.gov/pub/data/paleo/treering/measurements/northamerica/usa/co652e.rwl",200,2024-05-10 13:58:16.992292,2024-08-21 15:17:36,TRUE
"data_files/treering/measurements/northamerica/usa/co652l.rwl","https://www.ncei.noaa.gov/pub/data/paleo/treering/measurements/northamerica/usa/co652l.rwl",200,2024-05-10 13:58:10.637979,2024-08-21 15:17:47,TRUE
"data_files/treering/measurements/northamerica/usa/co655.rwl","https://www.ncei.noaa.gov/pub/data/paleo/treering/measurements/northamerica/usa/co655.rwl",404,2024-05-10 14:10:02.044225,NA,FALSE
"data_files/treering/measurements/northamerica/usa/co662.rwl","https://www.ncei.noaa.gov/pub/data/paleo/treering/measurements/northamerica/usa/co662.rwl",200,2024-05-10 14:22:58.11044,2026-06-22 19:59:20,TRUE
"data_files/treering/measurements/northamerica/usa/co691.rwl","https://www.ncei.noaa.gov/pub/data/paleo/treering/measurements/northamerica/usa/co691.rwl",200,2024-05-10 14:50:06.809906,2024-05-15 18:54:37,TRUE
"data_files/treering/measurements/northamerica/usa/ct001.rwl","https://www.ncei.noaa.gov/pub/data/paleo/treering/measurements/northamerica/usa/ct001.rwl",200,2024-05-09 16:10:36.376148,2024-05-14 16:38:36,TRUE
"data_files/treering/measurements/northamerica/usa/fl011.rwl","https://www.ncei.noaa.gov/pub/data/paleo/treering/measurements/northamerica/usa/fl011.rwl",200,2024-05-10 14:49:09.277857,2026-06-22 19:59:24,TRUE
"data_files/treering/measurements/northamerica/usa/ma023.rwl","https://www.ncei.noaa.gov/pub/data/paleo/treering/measurements/northamerica/usa/ma023.rwl",200,2024-05-10 14:30:55.989074,2026-06-22 19:59:25,TRUE
"data_files/treering/measurements/northamerica/usa/ma028.rwl","https://www.ncei.noaa.gov/pub/data/paleo/treering/measurements/northamerica/usa/ma028.rwl",200,2024-05-10 14:31:04.403535,2026-06-22 19:59:26,TRUE
"data_files/treering/measurements/northamerica/usa/ma029.rwl","https://www.ncei.noaa.gov/pub/data/paleo/treering/measurements/northamerica/usa/ma029.rwl",200,2024-05-10 14:31:05.935916,2024-05-23 15:34:50,TRUE
"data_files/treering/measurements/northamerica/usa/ma033.rwl","https://www.ncei.noaa.gov/pub/data/paleo/treering/measurements/northamerica/usa/ma033.rwl",200,2024-05-10 14:31:12.521258,2026-06-22 19:59:27,TRUE
"data_files/treering/measurements/northamerica/usa/me033.rwl","https://www.ncei.noaa.gov/pub/data/paleo/treering/measurements/northamerica/usa/me033.rwl",200,2024-05-09 15:19:54.886594,2026-06-22 19:59:28,TRUE
"data_files/treering/measurements/northamerica/usa/me034.rwl","https://www.ncei.noaa.gov/pub/data/paleo/treering/measurements/northamerica/usa/me034.rwl",200,2024-05-09 15:19:59.124384,2026-06-22 19:59:28,TRUE
"data_files/treering/measurements/northamerica/usa/me035.rwl","https://www.ncei.noaa.gov/pub/data/paleo/treering/measurements/northamerica/usa/me035.rwl",200,2024-05-09 15:20:02.638387,2026-06-22 19:59:29,TRUE
"data_files/treering/measurements/northamerica/usa/me040.rwl","https://www.ncei.noaa.gov/pub/data/paleo/treering/measurements/northamerica/usa/me040.rwl",200,2024-05-10 14:31:19.465293,2026-06-22 19:59:30,TRUE
"data_files/treering/measurements/northamerica/usa/mi021.rwl","https://www.ncei.noaa.gov/pub/data/paleo/treering/measurements/northamerica/usa/mi021.rwl",200,2024-05-10 13:37:28.835682,2026-06-22 19:59:31,TRUE
"data_files/treering/measurements/northamerica/usa/mn033.rwl","https://www.ncei.noaa.gov/pub/data/paleo/treering/measurements/northamerica/usa/mn033.rwl",200,2024-05-10 15:02:54.716413,2026-06-22 19:59:31,TRUE
"data_files/treering/measurements/northamerica/usa/mn034.rwl","https://www.ncei.noaa.gov/pub/data/paleo/treering/measurements/northamerica/usa/mn034.rwl",200,2024-05-10 15:02:56.270134,2026-06-22 19:59:32,TRUE
"data_files/treering/measurements/northamerica/usa/mn035.rwl","https://www.ncei.noaa.gov/pub/data/paleo/treering/measurements/northamerica/usa/mn035.rwl",200,2024-05-10 15:02:57.738336,2026-06-22 19:59:33,TRUE
"data_files/treering/measurements/northamerica/usa/mn036.rwl","https://www.ncei.noaa.gov/pub/data/paleo/treering/measurements/northamerica/usa/mn036.rwl",200,2024-05-10 15:02:59.17928,2026-06-22 19:59:33,TRUE
"data_files/treering/measurements/northamerica/usa/mn037.rwl","https://www.ncei.noaa.gov/pub/data/paleo/treering/measurements/northamerica/usa/mn037.rwl",200,2024-05-10 15:03:00.517519,2026-06-22 19:59:34,TRUE
"data_files/treering/measurements/northamerica/usa/mt109.rwl","https://www.ncei.noaa.gov/pub/data/paleo/treering/measurements/northamerica/usa/mt109.rwl",200,2024-05-09 16:31:38.23566,2024-05-23 15:31:55,TRUE
"data_files/treering/measurements/northamerica/usa/mt158.rwl","https://www.ncei.noaa.gov/pub/data/paleo/treering/measurements/northamerica/usa/mt158.rwl",200,2024-05-10 14:25:05.491961,2024-05-23 15:32:13,TRUE
"data_files/treering/measurements/northamerica/usa/nc025.rwl","https://www.ncei.noaa.gov/pub/data/paleo/treering/measurements/northamerica/usa/nc025.rwl",200,2024-05-10 13:57:52.971592,2024-05-22 17:52:44,TRUE
"data_files/treering/measurements/northamerica/usa/nc025e.rwl","https://www.ncei.noaa.gov/pub/data/paleo/treering/measurements/northamerica/usa/nc025e.rwl",200,2024-05-10 13:57:49.627423,2024-08-21 15:06:03,TRUE
"data_files/treering/measurements/northamerica/usa/nc025l.rwl","https://www.ncei.noaa.gov/pub/data/paleo/treering/measurements/northamerica/usa/nc025l.rwl",200,2024-05-10 13:57:46.278587,2024-08-21 15:06:17,TRUE
"data_files/treering/measurements/northamerica/usa/nc4.rwl","https://www.ncei.noaa.gov/pub/data/paleo/treering/measurements/northamerica/usa/nc4.rwl",200,2024-05-09 15:19:42.576233,2024-11-26 21:40:14,TRUE
"data_files/treering/measurements/northamerica/usa/ne005.rwl","https://www.ncei.noaa.gov/pub/data/paleo/treering/measurements/northamerica/usa/ne005.rwl",200,2024-05-10 12:45:48.920685,2024-05-14 16:38:56,TRUE
"data_files/treering/measurements/northamerica/usa/nm580.rwl","https://www.ncei.noaa.gov/pub/data/paleo/treering/measurements/northamerica/usa/nm580.rwl",200,2024-05-10 13:00:07.145269,2024-05-22 17:53:45,TRUE
"data_files/treering/measurements/northamerica/usa/nm580e.rwl","https://www.ncei.noaa.gov/pub/data/paleo/treering/measurements/northamerica/usa/nm580e.rwl",200,2024-05-10 13:00:02.522796,2024-08-21 15:04:29,TRUE
"data_files/treering/measurements/northamerica/usa/nm580l.rwl","https://www.ncei.noaa.gov/pub/data/paleo/treering/measurements/northamerica/usa/nm580l.rwl",200,2024-05-10 12:59:56.944632,2024-08-21 15:04:43,TRUE
"data_files/treering/measurements/northamerica/usa/nv523.rwl","https://www.ncei.noaa.gov/pub/data/paleo/treering/measurements/northamerica/usa/nv523.rwl",200,2024-05-10 15:05:27.19925,2025-10-08 13:35:51,TRUE
"data_files/treering/measurements/northamerica/usa/ok007.rwl","https://www.ncei.noaa.gov/pub/data/paleo/treering/measurements/northamerica/usa/ok007.rwl",200,2024-05-10 12:15:02.588611,2026-06-22 19:59:35,TRUE
"data_files/treering/measurements/northamerica/usa/ok019.rwl","https://www.ncei.noaa.gov/pub/data/paleo/treering/measurements/northamerica/usa/ok019.rwl",200,2024-05-10 12:17:39.795187,2026-06-22 19:59:36,TRUE
"data_files/treering/measurements/northamerica/usa/ok033.rwl","https://www.ncei.noaa.gov/pub/data/paleo/treering/measurements/northamerica/usa/ok033.rwl",200,2024-05-10 13:03:39.276349,2024-05-22 17:54:14,TRUE
"data_files/treering/measurements/northamerica/usa/or090.rwl","https://www.ncei.noaa.gov/pub/data/paleo/treering/measurements/northamerica/usa/or090.rwl",200,2024-05-10 13:07:57.831869,2026-06-22 19:59:36,TRUE
"data_files/treering/measurements/northamerica/usa/or113.rwl","https://www.ncei.noaa.gov/pub/data/paleo/treering/measurements/northamerica/usa/or113.rwl",200,2024-05-10 15:04:48.770974,2026-06-22 19:59:37,TRUE
"data_files/treering/measurements/northamerica/usa/tn024.rwl","https://www.ncei.noaa.gov/pub/data/paleo/treering/measurements/northamerica/usa/tn024.rwl",200,2024-05-10 12:50:11.778353,2026-06-22 19:59:38,TRUE
"data_files/treering/measurements/northamerica/usa/tx003.rwl","https://www.ncei.noaa.gov/pub/data/paleo/treering/measurements/northamerica/usa/tx003.rwl",200,2024-05-10 12:19:54.263697,2026-06-22 19:59:39,TRUE
"data_files/treering/measurements/northamerica/usa/tx042.rwl","https://www.ncei.noaa.gov/pub/data/paleo/treering/measurements/northamerica/usa/tx042.rwl",200,2024-05-09 16:10:25.512914,2026-06-22 19:59:39,TRUE
"data_files/treering/measurements/northamerica/usa/tx050.rwl","https://www.ncei.noaa.gov/pub/data/paleo/treering/measurements/northamerica/usa/tx050.rwl",200,2024-05-10 13:03:31.900813,2024-05-22 17:55:13,TRUE
"data_files/treering/measurements/northamerica/usa/tx051.rwl","https://www.ncei.noaa.gov/pub/data/paleo/treering/measurements/northamerica/usa/tx051.rwl",200,2024-05-10 13:03:27.574102,2024-05-22 17:55:36,TRUE
"data_files/treering/measurements/northamerica/usa/tx052.rwl","https://www.ncei.noaa.gov/pub/data/paleo/treering/measurements/northamerica/usa/tx052.rwl",200,2024-05-10 13:31:44.64516,2024-05-22 17:56:03,TRUE
"data_files/treering/measurements/northamerica/usa/tx053.rwl","https://www.ncei.noaa.gov/pub/data/paleo/treering/measurements/northamerica/usa/tx053.rwl",200,2024-05-10 13:31:49.429077,2024-05-22 17:56:25,TRUE
"data_files/treering/measurements/northamerica/usa/tx054.rwl","https://www.ncei.noaa.gov/pub/data/paleo/treering/measurements/northamerica/usa/tx054.rwl",200,2024-05-10 13:31:54.032859,2024-05-22 17:56:50,TRUE
"data_files/treering/measurements/northamerica/usa/ut521.rwl","https://www.ncei.noaa.gov/pub/data/paleo/treering/measurements/northamerica/usa/ut521.rwl",200,2024-05-09 16:39:08.147989,2024-05-23 15:28:32,TRUE
"data_files/treering/measurements/northamerica/usa/ut522.rwl","https://www.ncei.noaa.gov/pub/data/paleo/treering/measurements/northamerica/usa/ut522.rwl",200,2024-05-09 16:39:09.964963,2024-05-23 15:28:46,TRUE
"data_files/treering/measurements/northamerica/usa/va021.rwl","https://www.ncei.noaa.gov/pub/data/paleo/treering/measurements/northamerica/usa/va021.rwl",200,2024-05-10 12:08:49.037188,2024-05-22 18:00:53,TRUE
"data_files/treering/measurements/northamerica/usa/va021e.rwl","https://www.ncei.noaa.gov/pub/data/paleo/treering/measurements/northamerica/usa/va021e.rwl",200,2024-05-10 12:08:45.911714,2024-08-21 15:10:24,TRUE
"data_files/treering/measurements/northamerica/usa/va021l.rwl","https://www.ncei.noaa.gov/pub/data/paleo/treering/measurements/northamerica/usa/va021l.rwl",200,2024-05-10 12:08:42.777893,2024-08-21 15:10:37,TRUE
"data_files/treering/measurements/northamerica/usa/va024.rwl","https://www.ncei.noaa.gov/pub/data/paleo/treering/measurements/northamerica/usa/va024.rwl",200,2024-05-09 16:21:56.191642,2024-05-14 16:39:04,TRUE
"data_files/treering/measurements/northamerica/usa/va040.rwl","https://www.ncei.noaa.gov/pub/data/paleo/treering/measurements/northamerica/usa/va040.rwl",200,2024-05-10 14:21:04.230169,2026-06-23 17:33:48,TRUE
"data_files/treering/measurements/northamerica/usa/wi002.rwl","https://www.ncei.noaa.gov/pub/data/paleo/treering/measurements/northamerica/usa/wi002.rwl",200,2024-05-10 12:37:59.456748,2024-05-23 15:29:47,TRUE
"data_files/treering/measurements/northamerica/usa/wy041.rwl","https://www.ncei.noaa.gov/pub/data/paleo/treering/measurements/northamerica/usa/wy041.rwl",200,2024-05-10 13:19:22.78834,2026-06-22 19:59:41,TRUE
"data_files/treering/measurements/southamerica/arge124.rwl","https://www.ncei.noaa.gov/pub/data/paleo/treering/measurements/southamerica/arge124.rwl",200,2024-05-10 13:53:59.324271,2026-06-22 20:17:26,TRUE
"data_files/treering/measurements/southamerica/arge125.rwl","https://www.ncei.noaa.gov/pub/data/paleo/treering/measurements/southamerica/arge125.rwl",200,2024-05-10 13:54:01.10729,2026-06-22 20:17:27,TRUE
"data_files/treering/measurements/southamerica/arge126.rwl","https://www.ncei.noaa.gov/pub/data/paleo/treering/measurements/southamerica/arge126.rwl",200,2024-05-10 13:54:02.900179,2026-06-22 20:17:27,TRUE
"data_files/treering/measurements/southamerica/arge127.rwl","https://www.ncei.noaa.gov/pub/data/paleo/treering/measurements/southamerica/arge127.rwl",200,2024-05-10 13:54:04.750413,2026-06-22 20:17:28,TRUE
"data_files/treering/measurements/southamerica/arge128.rwl","https://www.ncei.noaa.gov/pub/data/paleo/treering/measurements/southamerica/arge128.rwl",200,2024-05-10 13:54:06.37785,2026-06-22 20:17:29,TRUE
"data_files/treering/measurements/southamerica/arge129.rwl","https://www.ncei.noaa.gov/pub/data/paleo/treering/measurements/southamerica/arge129.rwl",200,2024-05-10 13:54:08.012047,2026-06-22 20:17:30,TRUE
"data_files/treering/measurements/southamerica/arge130.rwl","https://www.ncei.noaa.gov/pub/data/paleo/treering/measurements/southamerica/arge130.rwl",200,2024-05-10 13:54:09.617829,2026-06-22 20:17:30,TRUE
"data_files/treering/measurements/southamerica/arge131.rwl","https://www.ncei.noaa.gov/pub/data/paleo/treering/measurements/southamerica/arge131.rwl",200,2024-05-10 13:54:11.577664,2026-06-22 20:17:31,TRUE
"data_files/treering/measurements/southamerica/arge132.rwl","https://www.ncei.noaa.gov/pub/data/paleo/treering/measurements/southamerica/arge132.rwl",200,2024-05-10 13:54:13.414283,2026-06-22 20:17:31,TRUE
"data_files/treering/measurements/southamerica/arge133.rwl","https://www.ncei.noaa.gov/pub/data/paleo/treering/measurements/southamerica/arge133.rwl",200,2024-05-10 13:54:15.210792,2026-06-22 20:17:32,TRUE
"data_files/treering/measurements/southamerica/arge134.rwl","https://www.ncei.noaa.gov/pub/data/paleo/treering/measurements/southamerica/arge134.rwl",200,2024-05-10 13:54:16.907733,2026-06-22 20:17:33,TRUE
"data_files/treering/measurements/southamerica/arge135.rwl","https://www.ncei.noaa.gov/pub/data/paleo/treering/measurements/southamerica/arge135.rwl",200,2024-05-10 13:54:18.431189,2026-06-22 20:17:35,TRUE
"data_files/treering/measurements/southamerica/arge136.rwl","https://www.ncei.noaa.gov/pub/data/paleo/treering/measurements/southamerica/arge136.rwl",200,2024-05-10 13:54:20.313238,2026-06-22 20:17:36,TRUE
"data_files/treering/measurements/southamerica/arge137.rwl","https://www.ncei.noaa.gov/pub/data/paleo/treering/measurements/southamerica/arge137.rwl",200,2024-05-10 13:54:22.225256,2026-06-22 20:17:36,TRUE
"data_files/treering/measurements/southamerica/arge138.rwl","https://www.ncei.noaa.gov/pub/data/paleo/treering/measurements/southamerica/arge138.rwl",200,2024-05-10 13:54:23.89831,2026-06-22 20:17:37,TRUE
"data_files/treering/measurements/southamerica/arge139.rwl","https://www.ncei.noaa.gov/pub/data/paleo/treering/measurements/southamerica/arge139.rwl",200,2024-05-10 14:19:22.112244,2026-06-22 20:17:38,TRUE
"data_files/treering/measurements/southamerica/arge143.rwl","https://www.ncei.noaa.gov/pub/data/paleo/treering/measurements/southamerica/arge143.rwl",200,2024-05-10 14:19:32.761085,2026-06-22 20:17:38,TRUE
"data_files/treering/measurements/southamerica/bra003.rwl","https://www.ncei.noaa.gov/pub/data/paleo/treering/measurements/southamerica/bra003.rwl",200,2024-05-10 14:34:01.734616,2026-06-22 20:18:00,TRUE
"data_files/treering/measurements/southamerica/bra009.rwl","https://www.ncei.noaa.gov/pub/data/paleo/treering/measurements/southamerica/bra009.rwl",200,2024-05-10 14:48:08.622516,2024-05-15 18:54:01,TRUE
"data_files/treering/measurements/southamerica/bra010.rwl","https://www.ncei.noaa.gov/pub/data/paleo/treering/measurements/southamerica/bra010.rwl",200,2024-05-10 14:48:09.874366,2024-05-15 18:54:02,TRUE
"data_files/treering/measurements/southamerica/bra012.rwl","https://www.ncei.noaa.gov/pub/data/paleo/treering/measurements/southamerica/bra012.rwl",200,2024-05-10 14:48:21.242518,2026-06-22 20:18:00,TRUE
"data_files/treering/measurements/southamerica/ecu001.rwl","https://www.ncei.noaa.gov/pub/data/paleo/treering/measurements/southamerica/ecu001.rwl",200,2024-05-10 14:47:40.412431,2026-06-22 20:18:28,TRUE
