"study","file","defect","n_messages","source","should_reader","basis","evidence"
"kyrg014","asia/kyrg014.rwl","one ID carries two precision markers",1,"dplR reader","error","AGB Sep 2026: plain busted","In data_files/treering/measurements/asia/kyrg014.rwl, core(s) kok3a have different precision flags."
"mng044","asia/mng044.rwl","line does not conform to the column layout",1,"dplR reader","error","AGB Sep 2026: cannot be read unambiguously, so fail","In data_files/treering/measurements/asia/mng044.rwl, core KLL3093x, decade starting 1300: the ten fixed-width columns and a whitespace split of the same line give different measurements, so the line does not conform to the Tucson column layout and cannot be read unambiguously. Returned as NA. Columns give (672 123 9111 774 678 300 910 543 781 679); whitespace gives (672 1239 1110 774 678 300 910 5"
"mng044","asia/mng044.rwl","one ID entered as several terminated records",1,"dplR reader","read","allowable; reported, not an error","In data_files/treering/measurements/asia/mng044.rwl, series KLL0072A is entered as 2 separately terminated records that share no year: 1615-1880, 1910-2011. They have been read as one series with a 29-year gap where the file records nothing. Entering one core as several terminated records is allowable and usually means just that. Worth a look only to rule out the other reading, that these are diff"
"russ218","asia/russ218.rwl","line does not conform to the column layout",2,"dplR reader","error","AGB Sep 2026: cannot be read unambiguously, so fail","In data_files/treering/measurements/asia/russ218.rwl, core rv2s, decade starting 1590: the ten fixed-width columns and a whitespace split of the same line give different measurements, so the line does not conform to the Tucson column layout and cannot be read unambiguously. Returned as NA. Columns give (83 95 69 86 103 98 95 86 10 2145); whitespace gives (83 95 69 86 103 98 95 86 102 145). Line: r"
"russ218","asia/russ218.rwl","one ID entered as several terminated records",4,"dplR reader","read","allowable; reported, not an error","In data_files/treering/measurements/asia/russ218.rwl, series rv13s is entered as 2 separately terminated records that share no year: 1504-1789, 1910-1997. They have been read as one series with a 120-year gap where the file records nothing. Entering one core as several terminated records is allowable and usually means just that. Worth a look only to rule out the other reading, that these are diffe"
"aus127","australia/aus127.rwl","line does not conform to the column layout",1,"dplR reader","error","AGB Sep 2026: cannot be read unambiguously, so fail","In data_files/treering/measurements/australia/aus127.rwl, core SPR01C, decade starting 1690: the ten fixed-width columns and a whitespace split of the same line give different measurements, so the line does not conform to the Tucson column layout and cannot be read unambiguously. Returned as NA. Columns give (490 750 780 100 52 40 550 400 450 300); whitespace gives (490 750 780 1000 520 40 550 400"
"ausl051","australia/ausl051.rwl","measurement is not numeric",1,"dplR reader","undecided","not ruled on","In data_files/treering/measurements/australia/ausl051.rwl, core proc53, decade starting 1860: 1 measurement(s) are not numeric and are left as NA."
"ausl053","australia/ausl053.rwl","line does not conform to the column layout",2,"dplR reader","error","AGB Sep 2026: cannot be read unambiguously, so fail","In data_files/treering/measurements/australia/ausl053.rwl, core JDH14B, decade starting 1200: the ten fixed-width columns and a whitespace split of the same line give different measurements, so the line does not conform to the Tucson column layout and cannot be read unambiguously. Returned as NA. Columns give (11 0 80 60 70 90 120 110 120 150); whitespace gives (110 0 80 60 70 90 120 110 120 150)."
"ausl053","australia/ausl053.rwl","one ID entered as several terminated records",2,"dplR reader","read","allowable; reported, not an error","In data_files/treering/measurements/australia/ausl053.rwl, series JDA11A is entered as 2 separately terminated records that share no year: -388 to -100, 300-1005. They have been read as one series with a 399-year gap where the file records nothing. Entering one core as several terminated records is allowable and usually means just that. Worth a look only to rule out the other reading, that these a"
"grc034","europe/grc034.rwl","tab on a data line",1,"dplR reader","undecided","not ruled on; expansion recovers the values exactly","In data_files/treering/measurements/europe/grc034.rwl, 5 data line(s) contain a tab character. The Tucson format is fixed-width, so a tab has no defined width. These lines were expanded to the standard 8-column tab stops, which puts the measurements back onto the format's 6-character columns; if the file was written against different tab stops, the columns will be wrong. First one: XEP23b<tab>1850"
"can697","northamerica/canada/can697.rwl","line does not conform to the column layout",26,"dplR reader","error","AGB Sep 2026: cannot be read unambiguously, so fail","In data_files/treering/measurements/northamerica/canada/can697.rwl, core B22B1, decade starting 187: the ten fixed-width columns and a whitespace split of the same line give different measurements, so the line does not conform to the Tucson column layout and cannot be read unambiguously. Returned as NA. Columns give (425 23 32 35 55 20 0); whitespace gives (4 250 230 320 350 550 200). Line: B22B1 "
"can697","northamerica/canada/can697.rwl","measurement runs past column 72",1,"dplR reader","error","AGB Sep 2026: truncation drops a digit","In data_files/treering/measurements/northamerica/canada/can697.rwl, 22 line(s) run past column 72 with a measurement split across the boundary, so the truncation at column 72 drops part of a number. First one: B22B1    1880   550   460   500   360   200   280   210   110   160   14"
"can697","northamerica/canada/can697.rwl","record shifted one column",26,"structural census, this script","error","AGB Sep 2026: the file is wrong, do not salvage","B22B1, B22B1b: the decade sits at columns 10-13, not 9-12, on 26 lines, 22 of which run past column 72. Example: B22B1    1874   250   230   320   350   550   200"
"can712","northamerica/canada/can712.rwl","line does not conform to the column layout",60,"dplR reader","error","AGB Sep 2026: cannot be read unambiguously, so fail","In data_files/treering/measurements/northamerica/canada/can712.rwl, core RA13, decade starting 180: the ten fixed-width columns and a whitespace split of the same line give different measurements, so the line does not conform to the Tucson column layout and cannot be read unambiguously. Returned as NA. Columns give (88 6 0); whitespace gives (8 80 60). Line: RA13     1808    80    60"
"can712","northamerica/canada/can712.rwl","measurement runs past column 72",1,"dplR reader","error","AGB Sep 2026: truncation drops a digit","In data_files/treering/measurements/northamerica/canada/can712.rwl, 53 line(s) run past column 72 with a measurement split across the boundary, so the truncation at column 72 drops part of a number. First one: RA13     1810   100   260   300   790   470   280   160   170  1060   87"
"can712","northamerica/canada/can712.rwl","record shifted one column",60,"structural census, this script","error","AGB Sep 2026: the file is wrong, do not salvage","RA13, RA32, RA7, RA7b: the decade sits at columns 10-13, not 9-12, on 60 lines, 53 of which run past column 72. Example: RA13     1808    80    60"
"cana588","northamerica/canada/cana588.rwl","tab on a data line",1,"dplR reader","undecided","not ruled on; expansion recovers the values exactly","In data_files/treering/measurements/northamerica/canada/cana588.rwl, 21 data line(s) contain a tab character. The Tucson format is fixed-width, so a tab has no defined width. These lines were expanded to the standard 8-column tab stops, which puts the measurements back onto the format's 6-character columns; if the file was written against different tab stops, the columns will be wrong. First one: "
"ak159","northamerica/usa/ak159.rwl","line does not conform to the column layout",1,"dplR reader","error","AGB Sep 2026: cannot be read unambiguously, so fail","In data_files/treering/measurements/northamerica/usa/ak159.rwl, core F028Bn04, decade starting 1970: the ten fixed-width columns and a whitespace split of the same line give different measurements, so the line does not conform to the Tucson column layout and cannot be read unambiguously. Returned as NA. Columns give (2396 1708 1889 1849 56 490 79 494 987 1688); whitespace gives (2396 1708 1889 184"
"az030","northamerica/usa/az030.rwl","decade line overruns the next decade",1,"readers.py (Kevin), Sep 2026","read","AGB Sep 2026: sloppy or wrong is an open question","134203 at 1693: 134203  1693   117   145   149    80   141   152   183    -8    -8    -8"
"az606","northamerica/usa/az606.rwl","line does not conform to the column layout",26,"dplR reader","error","AGB Sep 2026: cannot be read unambiguously, so fail","In data_files/treering/measurements/northamerica/usa/az606.rwl, core RMP012, decade starting 1910: the ten fixed-width columns and a whitespace split of the same line give different measurements, so the line does not conform to the Tucson column layout and cannot be read unambiguously. Returned as NA. Columns give (212 236 184 12 6142 131 167 156 179 131); whitespace gives (212 236 184 126 142 131"
"az606","northamerica/usa/az606.rwl","one ID entered as several terminated records",1,"dplR reader","read","allowable; reported, not an error","In data_files/treering/measurements/northamerica/usa/az606.rwl, series RMU01B is entered as 2 separately terminated records that share no year: 1745-1809, 1810-2016. They have been read as one series with a 0-year gap where the file records nothing. Entering one core as several terminated records is allowable and usually means just that. Worth a look only to rule out the other reading, that these "
"az615","northamerica/usa/az615.rwl","measurement is not numeric",2,"dplR reader","undecided","not ruled on","In data_files/treering/measurements/northamerica/usa/az615.rwl, core AZP0310A, decade starting 1990: 1 measurement(s) are not numeric and are left as NA."
"fl014","northamerica/usa/fl014.rwl","doubled header block",6,"structural census, this script","read","AGB Sep 2026: bad form, reads fine, ask Ed to edit","6 header lines before the first data line, where the format has 3"
"fl015","northamerica/usa/fl015.rwl","doubled header block",6,"structural census, this script","read","AGB Sep 2026: bad form, reads fine, ask Ed to edit","6 header lines before the first data line, where the format has 3"
"fl016","northamerica/usa/fl016.rwl","doubled header block",6,"structural census, this script","read","AGB Sep 2026: bad form, reads fine, ask Ed to edit","6 header lines before the first data line, where the format has 3"
"fl017","northamerica/usa/fl017.rwl","doubled header block",6,"structural census, this script","read","AGB Sep 2026: bad form, reads fine, ask Ed to edit","6 header lines before the first data line, where the format has 3"
"fl018","northamerica/usa/fl018.rwl","doubled header block",6,"structural census, this script","read","AGB Sep 2026: bad form, reads fine, ask Ed to edit","6 header lines before the first data line, where the format has 3"
"fl019","northamerica/usa/fl019.rwl","doubled header block",6,"structural census, this script","read","AGB Sep 2026: bad form, reads fine, ask Ed to edit","6 header lines before the first data line, where the format has 3"
"fl020","northamerica/usa/fl020.rwl","doubled header block",6,"structural census, this script","read","AGB Sep 2026: bad form, reads fine, ask Ed to edit","6 header lines before the first data line, where the format has 3"
"fl021","northamerica/usa/fl021.rwl","doubled header block",6,"structural census, this script","read","AGB Sep 2026: bad form, reads fine, ask Ed to edit","6 header lines before the first data line, where the format has 3"
